CEN.AK,!,NDC.AZ,deduced
CEN.AK,!,NDC.CA,deduced
CEN.AK,!,NDC.CO,deduced
CEN.AK,!,NDC.ID,deduced
CEN.AK,!,NDC.MT,deduced
CEN.AK,!,NDC.NM,deduced
CEN.AK,!,NDC.NV,deduced
CEN.AK,!,NDC.OR,deduced
CEN.AK,!,NDC.UT,deduced
CEN.AK,!,NDC.WA,deduced
CEN.AK,!,NDC.WY,deduced
CEN.AL,!,NDC.AR,deduced
CEN.AL,!,NDC.DE,deduced
CEN.AL,!,NDC.FL,deduced
CEN.AL,!,NDC.GA,deduced
CEN.AL,!,NDC.KY,deduced
CEN.AL,!,NDC.LA,deduced
CEN.AL,!,NDC.MD,deduced
CEN.AL,!,NDC.MS,deduced
CEN.AL,!,NDC.NC,deduced
CEN.AL,!,NDC.OK,deduced
CEN.AL,!,NDC.SC,deduced
CEN.AL,!,NDC.TN,deduced
CEN.AL,!,NDC.TX,deduced
CEN.AL,!,NDC.VA,deduced
CEN.AL,!,NDC.WV,deduced
CEN.AR,!,NDC.AL,deduced
CEN.AR,!,NDC.DE,deduced
CEN.AR,!,NDC.FL,deduced
CEN.AR,!,NDC.GA,deduced
CEN.AR,!,NDC.KY,deduced
CEN.AR,!,NDC.LA,deduced
CEN.AR,!,NDC.MD,deduced
CEN.AR,!,NDC.MS,deduced
CEN.AR,!,NDC.NC,deduced
CEN.AR,!,NDC.OK,deduced
CEN.AR,!,NDC.SC,deduced
CEN.AR,!,NDC.TN,deduced
CEN.AR,!,NDC.TX,deduced
CEN.AR,!,NDC.VA,deduced
CEN.AR,!,NDC.WV,deduced
CEN.AZ,!,NDC.CA,deduced
CEN.AZ,!,NDC.CO,deduced
CEN.AZ,!,NDC.ID,deduced
CEN.AZ,!,NDC.MT,deduced
CEN.AZ,!,NDC.NM,deduced
CEN.AZ,!,NDC.NV,deduced
CEN.AZ,!,NDC.OK,deduced
CEN.AZ,!,NDC.OR,deduced
CEN.AZ,!,NDC.TX,deduced
CEN.AZ,!,NDC.UT,deduced
CEN.AZ,!,NDC.WA,deduced
CEN.AZ,!,NDC.WY,deduced
CEN.CA,!,NDC.AZ,deduced
CEN.CA,!,NDC.CO,deduced
CEN.CA,!,NDC.ID,deduced
CEN.CA,!,NDC.MT,deduced
CEN.CA,!,NDC.NM,deduced
CEN.CA,!,NDC.NV,deduced
CEN.CA,!,NDC.OR,deduced
CEN.CA,!,NDC.UT,deduced
CEN.CA,!,NDC.WA,deduced
CEN.CA,!,NDC.WY,deduced
CEN.CO,!,NDC.AZ,deduced
CEN.CO,!,NDC.CA,deduced
CEN.CO,!,NDC.ID,deduced
CEN.CO,!,NDC.MT,deduced
CEN.CO,!,NDC.NM,deduced
CEN.CO,!,NDC.NV,deduced
CEN.CO,!,NDC.OR,deduced
CEN.CO,!,NDC.UT,deduced
CEN.CO,!,NDC.WA,deduced
CEN.CO,!,NDC.WY,deduced
CEN.CT,!,NDC.DE,deduced
CEN.CT,!,NDC.MA,deduced
CEN.CT,!,NDC.MD,deduced
CEN.CT,!,NDC.ME,deduced
CEN.CT,!,NDC.NH,deduced
CEN.CT,!,NDC.NJ,deduced
CEN.CT,!,NDC.NY,deduced
CEN.CT,!,NDC.PA,deduced
CEN.CT,!,NDC.RI,deduced
CEN.CT,!,NDC.VT,deduced
CEN.DC,!,NDC.AL,deduced
CEN.DC,!,NDC.AR,deduced
CEN.DC,!,NDC.DE,deduced
CEN.DC,!,NDC.FL,deduced
CEN.DC,!,NDC.GA,deduced
CEN.DC,!,NDC.KY,deduced
CEN.DC,!,NDC.LA,deduced
CEN.DC,!,NDC.MD,deduced
CEN.DC,!,NDC.MS,deduced
CEN.DC,!,NDC.NC,deduced
CEN.DC,!,NDC.OK,deduced
CEN.DC,!,NDC.SC,deduced
CEN.DC,!,NDC.TN,deduced
CEN.DC,!,NDC.TX,deduced
CEN.DC,!,NDC.VA,deduced
CEN.DC,!,NDC.WV,deduced
CEN.DE,!,NDC.AL,deduced
CEN.DE,!,NDC.AR,deduced
CEN.DE,!,NDC.CT,deduced
CEN.DE,!,NDC.FL,deduced
CEN.DE,!,NDC.GA,deduced
CEN.DE,!,NDC.KY,deduced
CEN.DE,!,NDC.LA,deduced
CEN.DE,!,NDC.MA,deduced
CEN.DE,!,NDC.MD,deduced
CEN.DE,!,NDC.ME,deduced
CEN.DE,!,NDC.MS,deduced
CEN.DE,!,NDC.NC,deduced
CEN.DE,!,NDC.NH,deduced
CEN.DE,!,NDC.NJ,deduced
CEN.DE,!,NDC.NY,deduced
CEN.DE,!,NDC.OK,deduced
CEN.DE,!,NDC.PA,deduced
CEN.DE,!,NDC.RI,deduced
CEN.DE,!,NDC.SC,deduced
CEN.DE,!,NDC.TN,deduced
CEN.DE,!,NDC.TX,deduced
CEN.DE,!,NDC.VA,deduced
CEN.DE,!,NDC.VT,deduced
CEN.DE,!,NDC.WV,deduced
CEN.FL,!,NDC.AL,deduced
CEN.FL,!,NDC.AR,deduced
CEN.FL,!,NDC.DE,deduced
CEN.FL,!,NDC.GA,deduced
CEN.FL,!,NDC.KY,deduced
CEN.FL,!,NDC.LA,deduced
CEN.FL,!,NDC.MD,deduced
CEN.FL,!,NDC.MS,deduced
CEN.FL,!,NDC.NC,deduced
CEN.FL,!,NDC.OK,deduced
CEN.FL,!,NDC.SC,deduced
CEN.FL,!,NDC.TN,deduced
CEN.FL,!,NDC.TX,deduced
CEN.FL,!,NDC.VA,deduced
CEN.FL,!,NDC.WV,deduced
CEN.GA,!,NDC.AL,deduced
CEN.GA,!,NDC.AR,deduced
CEN.GA,!,NDC.DE,deduced
CEN.GA,!,NDC.FL,deduced
CEN.GA,!,NDC.KY,deduced
CEN.GA,!,NDC.LA,deduced
CEN.GA,!,NDC.MD,deduced
CEN.GA,!,NDC.MS,deduced
CEN.GA,!,NDC.NC,deduced
CEN.GA,!,NDC.OK,deduced
CEN.GA,!,NDC.SC,deduced
CEN.GA,!,NDC.TN,deduced
CEN.GA,!,NDC.TX,deduced
CEN.GA,!,NDC.VA,deduced
CEN.GA,!,NDC.WV,deduced
CEN.HI,!,NDC.AZ,deduced
CEN.HI,!,NDC.CA,deduced
CEN.HI,!,NDC.CO,deduced
CEN.HI,!,NDC.ID,deduced
CEN.HI,!,NDC.MT,deduced
CEN.HI,!,NDC.NM,deduced
CEN.HI,!,NDC.NV,deduced
CEN.HI,!,NDC.OR,deduced
CEN.HI,!,NDC.UT,deduced
CEN.HI,!,NDC.WA,deduced
CEN.HI,!,NDC.WY,deduced
CEN.IA,!,NDC.IL,deduced
CEN.IA,!,NDC.IN,deduced
CEN.IA,!,NDC.KS,deduced
CEN.IA,!,NDC.MI,deduced
CEN.IA,!,NDC.MN,deduced
CEN.IA,!,NDC.MO,deduced
CEN.IA,!,NDC.ND,deduced
CEN.IA,!,NDC.NE,deduced
CEN.IA,!,NDC.OH,deduced
CEN.IA,!,NDC.SD,deduced
CEN.IA,!,NDC.WI,deduced
CEN.ID,!,NDC.AZ,deduced
CEN.ID,!,NDC.CA,deduced
CEN.ID,!,NDC.CO,deduced
CEN.ID,!,NDC.MT,deduced
CEN.ID,!,NDC.NM,deduced
CEN.ID,!,NDC.NV,deduced
CEN.ID,!,NDC.OR,deduced
CEN.ID,!,NDC.UT,deduced
CEN.ID,!,NDC.WA,deduced
CEN.ID,!,NDC.WY,deduced
CEN.IL,!,NDC.IA,deduced
CEN.IL,!,NDC.IN,deduced
CEN.IL,!,NDC.KS,deduced
CEN.IL,!,NDC.MI,deduced
CEN.IL,!,NDC.MN,deduced
CEN.IL,!,NDC.MO,deduced
CEN.IL,!,NDC.ND,deduced
CEN.IL,!,NDC.NE,deduced
CEN.IL,!,NDC.OH,deduced
CEN.IL,!,NDC.SD,deduced
CEN.IL,!,NDC.WI,deduced
CEN.IN,!,NDC.IA,deduced
CEN.IN,!,NDC.IL,deduced
CEN.IN,!,NDC.KS,deduced
CEN.IN,!,NDC.MI,deduced
CEN.IN,!,NDC.MN,deduced
CEN.IN,!,NDC.MO,deduced
CEN.IN,!,NDC.ND,deduced
CEN.IN,!,NDC.NE,deduced
CEN.IN,!,NDC.OH,deduced
CEN.IN,!,NDC.SD,deduced
CEN.IN,!,NDC.WI,deduced
CEN.KS,!,NDC.IA,deduced
CEN.KS,!,NDC.IL,deduced
CEN.KS,!,NDC.IN,deduced
CEN.KS,!,NDC.MI,deduced
CEN.KS,!,NDC.MN,deduced
CEN.KS,!,NDC.MO,deduced
CEN.KS,!,NDC.ND,deduced
CEN.KS,!,NDC.NE,deduced
CEN.KS,!,NDC.OH,deduced
CEN.KS,!,NDC.SD,deduced
CEN.KS,!,NDC.WI,deduced
CEN.KY,!,NDC.AL,deduced
CEN.KY,!,NDC.AR,deduced
CEN.KY,!,NDC.DE,deduced
CEN.KY,!,NDC.FL,deduced
CEN.KY,!,NDC.GA,deduced
CEN.KY,!,NDC.LA,deduced
CEN.KY,!,NDC.MD,deduced
CEN.KY,!,NDC.MS,deduced
CEN.KY,!,NDC.NC,deduced
CEN.KY,!,NDC.OK,deduced
CEN.KY,!,NDC.SC,deduced
CEN.KY,!,NDC.TN,deduced
CEN.KY,!,NDC.TX,deduced
CEN.KY,!,NDC.VA,deduced
CEN.KY,!,NDC.WV,deduced
CEN.LA,!,NDC.AL,deduced
CEN.LA,!,NDC.AR,deduced
CEN.LA,!,NDC.DE,deduced
CEN.LA,!,NDC.FL,deduced
CEN.LA,!,NDC.GA,deduced
CEN.LA,!,NDC.KY,deduced
CEN.LA,!,NDC.MD,deduced
CEN.LA,!,NDC.MS,deduced
CEN.LA,!,NDC.NC,deduced
CEN.LA,!,NDC.OK,deduced
CEN.LA,!,NDC.SC,deduced
CEN.LA,!,NDC.TN,deduced
CEN.LA,!,NDC.TX,deduced
CEN.LA,!,NDC.VA,deduced
CEN.LA,!,NDC.WV,deduced
CEN.MA,!,NDC.CT,deduced
CEN.MA,!,NDC.DE,deduced
CEN.MA,!,NDC.MD,deduced
CEN.MA,!,NDC.ME,deduced
CEN.MA,!,NDC.NH,deduced
CEN.MA,!,NDC.NJ,deduced
CEN.MA,!,NDC.NY,deduced
CEN.MA,!,NDC.PA,deduced
CEN.MA,!,NDC.RI,deduced
CEN.MA,!,NDC.VT,deduced
CEN.MD,!,NDC.AL,deduced
CEN.MD,!,NDC.AR,deduced
CEN.MD,!,NDC.CT,deduced
CEN.MD,!,NDC.DE,deduced
CEN.MD,!,NDC.FL,deduced
CEN.MD,!,NDC.GA,deduced
CEN.MD,!,NDC.KY,deduced
CEN.MD,!,NDC.LA,deduced
CEN.MD,!,NDC.MA,deduced
CEN.MD,!,NDC.ME,deduced
CEN.MD,!,NDC.MS,deduced
CEN.MD,!,NDC.NC,deduced
CEN.MD,!,NDC.NH,deduced
CEN.MD,!,NDC.NJ,deduced
CEN.MD,!,NDC.NY,deduced
CEN.MD,!,NDC.OK,deduced
CEN.MD,!,NDC.PA,deduced
CEN.MD,!,NDC.RI,deduced
CEN.MD,!,NDC.SC,deduced
CEN.MD,!,NDC.TN,deduced
CEN.MD,!,NDC.TX,deduced
CEN.MD,!,NDC.VA,deduced
CEN.MD,!,NDC.VT,deduced
CEN.MD,!,NDC.WV,deduced
CEN.ME,!,NDC.CT,deduced
CEN.ME,!,NDC.DE,deduced
CEN.ME,!,NDC.MA,deduced
CEN.ME,!,NDC.MD,deduced
CEN.ME,!,NDC.NH,deduced
CEN.ME,!,NDC.NJ,deduced
CEN.ME,!,NDC.NY,deduced
CEN.ME,!,NDC.PA,deduced
CEN.ME,!,NDC.RI,deduced
CEN.ME,!,NDC.VT,deduced
CEN.MI,!,NDC.IA,deduced
CEN.MI,!,NDC.IL,deduced
CEN.MI,!,NDC.IN,deduced
CEN.MI,!,NDC.KS,deduced
CEN.MI,!,NDC.MN,deduced
CEN.MI,!,NDC.MO,deduced
CEN.MI,!,NDC.ND,deduced
CEN.MI,!,NDC.NE,deduced
CEN.MI,!,NDC.OH,deduced
CEN.MI,!,NDC.SD,deduced
CEN.MI,!,NDC.WI,deduced
CEN.MN,!,NDC.IA,deduced
CEN.MN,!,NDC.IL,deduced
CEN.MN,!,NDC.IN,deduced
CEN.MN,!,NDC.KS,deduced
CEN.MN,!,NDC.MI,deduced
CEN.MN,!,NDC.MO,deduced
CEN.MN,!,NDC.ND,deduced
CEN.MN,!,NDC.NE,deduced
CEN.MN,!,NDC.OH,deduced
CEN.MN,!,NDC.SD,deduced
CEN.MN,!,NDC.WI,deduced
CEN.MO,!,NDC.IA,deduced
CEN.MO,!,NDC.IL,deduced
CEN.MO,!,NDC.IN,deduced
CEN.MO,!,NDC.KS,deduced
CEN.MO,!,NDC.MI,deduced
CEN.MO,!,NDC.MN,deduced
CEN.MO,!,NDC.ND,deduced
CEN.MO,!,NDC.NE,deduced
CEN.MO,!,NDC.OH,deduced
CEN.MO,!,NDC.SD,deduced
CEN.MO,!,NDC.WI,deduced
CEN.MS,!,NDC.AL,deduced
CEN.MS,!,NDC.AR,deduced
CEN.MS,!,NDC.DE,deduced
CEN.MS,!,NDC.FL,deduced
CEN.MS,!,NDC.GA,deduced
CEN.MS,!,NDC.KY,deduced
CEN.MS,!,NDC.LA,deduced
CEN.MS,!,NDC.MD,deduced
CEN.MS,!,NDC.NC,deduced
CEN.MS,!,NDC.OK,deduced
CEN.MS,!,NDC.SC,deduced
CEN.MS,!,NDC.TN,deduced
CEN.MS,!,NDC.TX,deduced
CEN.MS,!,NDC.VA,deduced
CEN.MS,!,NDC.WV,deduced
CEN.MT,!,NDC.AZ,deduced
CEN.MT,!,NDC.CA,deduced
CEN.MT,!,NDC.CO,deduced
CEN.MT,!,NDC.ID,deduced
CEN.MT,!,NDC.NM,deduced
CEN.MT,!,NDC.NV,deduced
CEN.MT,!,NDC.OR,deduced
CEN.MT,!,NDC.UT,deduced
CEN.MT,!,NDC.WA,deduced
CEN.MT,!,NDC.WY,deduced
CEN.Midwest,>,NDC.IA,deduced
CEN.Midwest,>,NDC.IL,deduced
CEN.Midwest,>,NDC.IN,deduced
CEN.Midwest,>,NDC.KS,deduced
CEN.Midwest,>,NDC.MI,deduced
CEN.Midwest,>,NDC.MN,deduced
CEN.Midwest,>,NDC.MO,deduced
CEN.Midwest,>,NDC.ND,deduced
CEN.Midwest,>,NDC.NE,deduced
CEN.Midwest,>,NDC.OH,deduced
CEN.Midwest,>,NDC.SD,deduced
CEN.Midwest,>,NDC.WI,deduced
CEN.NC,!,NDC.AL,deduced
CEN.NC,!,NDC.AR,deduced
CEN.NC,!,NDC.DE,deduced
CEN.NC,!,NDC.FL,deduced
CEN.NC,!,NDC.GA,deduced
CEN.NC,!,NDC.KY,deduced
CEN.NC,!,NDC.LA,deduced
CEN.NC,!,NDC.MD,deduced
CEN.NC,!,NDC.MS,deduced
CEN.NC,!,NDC.OK,deduced
CEN.NC,!,NDC.SC,deduced
CEN.NC,!,NDC.TN,deduced
CEN.NC,!,NDC.TX,deduced
CEN.NC,!,NDC.VA,deduced
CEN.NC,!,NDC.WV,deduced
CEN.ND,!,NDC.IA,deduced
CEN.ND,!,NDC.IL,deduced
CEN.ND,!,NDC.IN,deduced
CEN.ND,!,NDC.KS,deduced
CEN.ND,!,NDC.MI,deduced
CEN.ND,!,NDC.MN,deduced
CEN.ND,!,NDC.MO,deduced
CEN.ND,!,NDC.NE,deduced
CEN.ND,!,NDC.OH,deduced
CEN.ND,!,NDC.SD,deduced
CEN.ND,!,NDC.WI,deduced
CEN.NE,!,NDC.IA,deduced
CEN.NE,!,NDC.IL,deduced
CEN.NE,!,NDC.IN,deduced
CEN.NE,!,NDC.KS,deduced
CEN.NE,!,NDC.MI,deduced
CEN.NE,!,NDC.MN,deduced
CEN.NE,!,NDC.MO,deduced
CEN.NE,!,NDC.ND,deduced
CEN.NE,!,NDC.OH,deduced
CEN.NE,!,NDC.SD,deduced
CEN.NE,!,NDC.WI,deduced
CEN.NH,!,NDC.CT,deduced
CEN.NH,!,NDC.DE,deduced
CEN.NH,!,NDC.MA,deduced
CEN.NH,!,NDC.MD,deduced
CEN.NH,!,NDC.ME,deduced
CEN.NH,!,NDC.NJ,deduced
CEN.NH,!,NDC.NY,deduced
CEN.NH,!,NDC.PA,deduced
CEN.NH,!,NDC.RI,deduced
CEN.NH,!,NDC.VT,deduced
CEN.NJ,!,NDC.CT,deduced
CEN.NJ,!,NDC.DE,deduced
CEN.NJ,!,NDC.MA,deduced
CEN.NJ,!,NDC.MD,deduced
CEN.NJ,!,NDC.ME,deduced
CEN.NJ,!,NDC.NH,deduced
CEN.NJ,!,NDC.NY,deduced
CEN.NJ,!,NDC.PA,deduced
CEN.NJ,!,NDC.RI,deduced
CEN.NJ,!,NDC.VT,deduced
CEN.NM,!,NDC.AZ,deduced
CEN.NM,!,NDC.CA,deduced
CEN.NM,!,NDC.CO,deduced
CEN.NM,!,NDC.ID,deduced
CEN.NM,!,NDC.MT,deduced
CEN.NM,!,NDC.NV,deduced
CEN.NM,!,NDC.OK,deduced
CEN.NM,!,NDC.OR,deduced
CEN.NM,!,NDC.TX,deduced
CEN.NM,!,NDC.UT,deduced
CEN.NM,!,NDC.WA,deduced
CEN.NM,!,NDC.WY,deduced
CEN.NV,!,NDC.AZ,deduced
CEN.NV,!,NDC.CA,deduced
CEN.NV,!,NDC.CO,deduced
CEN.NV,!,NDC.ID,deduced
CEN.NV,!,NDC.MT,deduced
CEN.NV,!,NDC.NM,deduced
CEN.NV,!,NDC.OR,deduced
CEN.NV,!,NDC.UT,deduced
CEN.NV,!,NDC.WA,deduced
CEN.NV,!,NDC.WY,deduced
CEN.NY,!,NDC.CT,deduced
CEN.NY,!,NDC.DE,deduced
CEN.NY,!,NDC.MA,deduced
CEN.NY,!,NDC.MD,deduced
CEN.NY,!,NDC.ME,deduced
CEN.NY,!,NDC.NH,deduced
CEN.NY,!,NDC.NJ,deduced
CEN.NY,!,NDC.PA,deduced
CEN.NY,!,NDC.RI,deduced
CEN.NY,!,NDC.VT,deduced
CEN.Northeast,>,NDC.CT,deduced
CEN.Northeast,>,NDC.MA,deduced
CEN.Northeast,>,NDC.ME,deduced
CEN.Northeast,>,NDC.NH,deduced
CEN.Northeast,>,NDC.NJ,deduced
CEN.Northeast,>,NDC.NY,deduced
CEN.Northeast,>,NDC.PA,deduced
CEN.Northeast,>,NDC.RI,deduced
CEN.Northeast,>,NDC.VT,deduced
CEN.OH,!,NDC.IA,deduced
CEN.OH,!,NDC.IL,deduced
CEN.OH,!,NDC.IN,deduced
CEN.OH,!,NDC.KS,deduced
CEN.OH,!,NDC.MI,deduced
CEN.OH,!,NDC.MN,deduced
CEN.OH,!,NDC.MO,deduced
CEN.OH,!,NDC.ND,deduced
CEN.OH,!,NDC.NE,deduced
CEN.OH,!,NDC.SD,deduced
CEN.OH,!,NDC.WI,deduced
CEN.OK,!,NDC.AL,deduced
CEN.OK,!,NDC.AR,deduced
CEN.OK,!,NDC.AZ,deduced
CEN.OK,!,NDC.DE,deduced
CEN.OK,!,NDC.FL,deduced
CEN.OK,!,NDC.GA,deduced
CEN.OK,!,NDC.KY,deduced
CEN.OK,!,NDC.LA,deduced
CEN.OK,!,NDC.MD,deduced
CEN.OK,!,NDC.MS,deduced
CEN.OK,!,NDC.NC,deduced
CEN.OK,!,NDC.NM,deduced
CEN.OK,!,NDC.SC,deduced
CEN.OK,!,NDC.TN,deduced
CEN.OK,!,NDC.TX,deduced
CEN.OK,!,NDC.VA,deduced
CEN.OK,!,NDC.WV,deduced
CEN.OR,!,NDC.AZ,deduced
CEN.OR,!,NDC.CA,deduced
CEN.OR,!,NDC.CO,deduced
CEN.OR,!,NDC.ID,deduced
CEN.OR,!,NDC.MT,deduced
CEN.OR,!,NDC.NM,deduced
CEN.OR,!,NDC.NV,deduced
CEN.OR,!,NDC.UT,deduced
CEN.OR,!,NDC.WA,deduced
CEN.OR,!,NDC.WY,deduced
CEN.PA,!,NDC.CT,deduced
CEN.PA,!,NDC.DE,deduced
CEN.PA,!,NDC.MA,deduced
CEN.PA,!,NDC.MD,deduced
CEN.PA,!,NDC.ME,deduced
CEN.PA,!,NDC.NH,deduced
CEN.PA,!,NDC.NJ,deduced
CEN.PA,!,NDC.NY,deduced
CEN.PA,!,NDC.RI,deduced
CEN.PA,!,NDC.VT,deduced
CEN.RI,!,NDC.CT,deduced
CEN.RI,!,NDC.DE,deduced
CEN.RI,!,NDC.MA,deduced
CEN.RI,!,NDC.MD,deduced
CEN.RI,!,NDC.ME,deduced
CEN.RI,!,NDC.NH,deduced
CEN.RI,!,NDC.NJ,deduced
CEN.RI,!,NDC.NY,deduced
CEN.RI,!,NDC.PA,deduced
CEN.RI,!,NDC.VT,deduced
CEN.SC,!,NDC.AL,deduced
CEN.SC,!,NDC.AR,deduced
CEN.SC,!,NDC.DE,deduced
CEN.SC,!,NDC.FL,deduced
CEN.SC,!,NDC.GA,deduced
CEN.SC,!,NDC.KY,deduced
CEN.SC,!,NDC.LA,deduced
CEN.SC,!,NDC.MD,deduced
CEN.SC,!,NDC.MS,deduced
CEN.SC,!,NDC.NC,deduced
CEN.SC,!,NDC.OK,deduced
CEN.SC,!,NDC.TN,deduced
CEN.SC,!,NDC.TX,deduced
CEN.SC,!,NDC.VA,deduced
CEN.SC,!,NDC.WV,deduced
CEN.SD,!,NDC.IA,deduced
CEN.SD,!,NDC.IL,deduced
CEN.SD,!,NDC.IN,deduced
CEN.SD,!,NDC.KS,deduced
CEN.SD,!,NDC.MI,deduced
CEN.SD,!,NDC.MN,deduced
CEN.SD,!,NDC.MO,deduced
CEN.SD,!,NDC.ND,deduced
CEN.SD,!,NDC.NE,deduced
CEN.SD,!,NDC.OH,deduced
CEN.SD,!,NDC.WI,deduced
CEN.South,>,NDC.AL,deduced
CEN.South,>,NDC.AR,deduced
CEN.South,>,NDC.DE,deduced
CEN.South,>,NDC.FL,deduced
CEN.South,>,NDC.GA,deduced
CEN.South,>,NDC.KY,deduced
CEN.South,>,NDC.LA,deduced
CEN.South,>,NDC.MD,deduced
CEN.South,>,NDC.MS,deduced
CEN.South,>,NDC.NC,deduced
CEN.South,>,NDC.OK,deduced
CEN.South,>,NDC.SC,deduced
CEN.South,>,NDC.TN,deduced
CEN.South,>,NDC.TX,deduced
CEN.South,>,NDC.VA,deduced
CEN.South,>,NDC.WV,deduced
CEN.TN,!,NDC.AL,deduced
CEN.TN,!,NDC.AR,deduced
CEN.TN,!,NDC.DE,deduced
CEN.TN,!,NDC.FL,deduced
CEN.TN,!,NDC.GA,deduced
CEN.TN,!,NDC.KY,deduced
CEN.TN,!,NDC.LA,deduced
CEN.TN,!,NDC.MD,deduced
CEN.TN,!,NDC.MS,deduced
CEN.TN,!,NDC.NC,deduced
CEN.TN,!,NDC.OK,deduced
CEN.TN,!,NDC.SC,deduced
CEN.TN,!,NDC.TX,deduced
CEN.TN,!,NDC.VA,deduced
CEN.TN,!,NDC.WV,deduced
CEN.TX,!,NDC.AL,deduced
CEN.TX,!,NDC.AR,deduced
CEN.TX,!,NDC.AZ,deduced
CEN.TX,!,NDC.DE,deduced
CEN.TX,!,NDC.FL,deduced
CEN.TX,!,NDC.GA,deduced
CEN.TX,!,NDC.KY,deduced
CEN.TX,!,NDC.LA,deduced
CEN.TX,!,NDC.MD,deduced
CEN.TX,!,NDC.MS,deduced
CEN.TX,!,NDC.NC,deduced
CEN.TX,!,NDC.NM,deduced
CEN.TX,!,NDC.OK,deduced
CEN.TX,!,NDC.SC,deduced
CEN.TX,!,NDC.TN,deduced
CEN.TX,!,NDC.VA,deduced
CEN.TX,!,NDC.WV,deduced
CEN.USA,>,NDC.AL,deduced
CEN.USA,>,NDC.AR,deduced
CEN.USA,>,NDC.AZ,deduced
CEN.USA,>,NDC.CA,deduced
CEN.USA,>,NDC.CO,deduced
CEN.USA,>,NDC.CT,deduced
CEN.USA,>,NDC.DE,deduced
CEN.USA,>,NDC.FL,deduced
CEN.USA,>,NDC.GA,deduced
CEN.USA,>,NDC.IA,deduced
CEN.USA,>,NDC.ID,deduced
CEN.USA,>,NDC.IL,deduced
CEN.USA,>,NDC.IN,deduced
CEN.USA,>,NDC.KS,deduced
CEN.USA,>,NDC.KY,deduced
CEN.USA,>,NDC.LA,deduced
CEN.USA,>,NDC.MA,deduced
CEN.USA,>,NDC.MD,deduced
CEN.USA,>,NDC.ME,deduced
CEN.USA,>,NDC.MI,deduced
CEN.USA,>,NDC.MN,deduced
CEN.USA,>,NDC.MO,deduced
CEN.USA,>,NDC.MS,deduced
CEN.USA,>,NDC.MT,deduced
CEN.USA,>,NDC.NC,deduced
CEN.USA,>,NDC.ND,deduced
CEN.USA,>,NDC.NE,deduced
CEN.USA,>,NDC.NH,deduced
CEN.USA,>,NDC.NJ,deduced
CEN.USA,>,NDC.NM,deduced
CEN.USA,>,NDC.NV,deduced
CEN.USA,>,NDC.NY,deduced
CEN.USA,>,NDC.OH,deduced
CEN.USA,>,NDC.OK,deduced
CEN.USA,>,NDC.OR,deduced
CEN.USA,>,NDC.PA,deduced
CEN.USA,>,NDC.RI,deduced
CEN.USA,>,NDC.SC,deduced
CEN.USA,>,NDC.SD,deduced
CEN.USA,>,NDC.TN,deduced
CEN.USA,>,NDC.TX,deduced
CEN.USA,>,NDC.UT,deduced
CEN.USA,>,NDC.VA,deduced
CEN.USA,>,NDC.VT,deduced
CEN.USA,>,NDC.WA,deduced
CEN.USA,>,NDC.WI,deduced
CEN.USA,>,NDC.WV,deduced
CEN.USA,>,NDC.WY,deduced
CEN.UT,!,NDC.AZ,deduced
CEN.UT,!,NDC.CA,deduced
CEN.UT,!,NDC.CO,deduced
CEN.UT,!,NDC.ID,deduced
CEN.UT,!,NDC.MT,deduced
CEN.UT,!,NDC.NM,deduced
CEN.UT,!,NDC.NV,deduced
CEN.UT,!,NDC.OR,deduced
CEN.UT,!,NDC.WA,deduced
CEN.UT,!,NDC.WY,deduced
CEN.VA,!,NDC.AL,deduced
CEN.VA,!,NDC.AR,deduced
CEN.VA,!,NDC.DE,deduced
CEN.VA,!,NDC.FL,deduced
CEN.VA,!,NDC.GA,deduced
CEN.VA,!,NDC.KY,deduced
CEN.VA,!,NDC.LA,deduced
CEN.VA,!,NDC.MD,deduced
CEN.VA,!,NDC.MS,deduced
CEN.VA,!,NDC.NC,deduced
CEN.VA,!,NDC.OK,deduced
CEN.VA,!,NDC.SC,deduced
CEN.VA,!,NDC.TN,deduced
CEN.VA,!,NDC.TX,deduced
CEN.VA,!,NDC.WV,deduced
CEN.VT,!,NDC.CT,deduced
CEN.VT,!,NDC.DE,deduced
CEN.VT,!,NDC.MA,deduced
CEN.VT,!,NDC.MD,deduced
CEN.VT,!,NDC.ME,deduced
CEN.VT,!,NDC.NH,deduced
CEN.VT,!,NDC.NJ,deduced
CEN.VT,!,NDC.NY,deduced
CEN.VT,!,NDC.PA,deduced
CEN.VT,!,NDC.RI,deduced
CEN.WA,!,NDC.AZ,deduced
CEN.WA,!,NDC.CA,deduced
CEN.WA,!,NDC.CO,deduced
CEN.WA,!,NDC.ID,deduced
CEN.WA,!,NDC.MT,deduced
CEN.WA,!,NDC.NM,deduced
CEN.WA,!,NDC.NV,deduced
CEN.WA,!,NDC.OR,deduced
CEN.WA,!,NDC.UT,deduced
CEN.WA,!,NDC.WY,deduced
CEN.WI,!,NDC.IA,deduced
CEN.WI,!,NDC.IL,deduced
CEN.WI,!,NDC.IN,deduced
CEN.WI,!,NDC.KS,deduced
CEN.WI,!,NDC.MI,deduced
CEN.WI,!,NDC.MN,deduced
CEN.WI,!,NDC.MO,deduced
CEN.WI,!,NDC.ND,deduced
CEN.WI,!,NDC.NE,deduced
CEN.WI,!,NDC.OH,deduced
CEN.WI,!,NDC.SD,deduced
CEN.WV,!,NDC.AL,deduced
CEN.WV,!,NDC.AR,deduced
CEN.WV,!,NDC.DE,deduced
CEN.WV,!,NDC.FL,deduced
CEN.WV,!,NDC.GA,deduced
CEN.WV,!,NDC.KY,deduced
CEN.WV,!,NDC.LA,deduced
CEN.WV,!,NDC.MD,deduced
CEN.WV,!,NDC.MS,deduced
CEN.WV,!,NDC.NC,deduced
CEN.WV,!,NDC.OK,deduced
CEN.WV,!,NDC.SC,deduced
CEN.WV,!,NDC.TN,deduced
CEN.WV,!,NDC.TX,deduced
CEN.WV,!,NDC.VA,deduced
CEN.WY,!,NDC.AZ,deduced
CEN.WY,!,NDC.CA,deduced
CEN.WY,!,NDC.CO,deduced
CEN.WY,!,NDC.ID,deduced
CEN.WY,!,NDC.MT,deduced
CEN.WY,!,NDC.NM,deduced
CEN.WY,!,NDC.NV,deduced
CEN.WY,!,NDC.OR,deduced
CEN.WY,!,NDC.UT,deduced
CEN.WY,!,NDC.WA,deduced
CEN.West,>,NDC.AZ,deduced
CEN.West,>,NDC.CA,deduced
CEN.West,>,NDC.CO,deduced
CEN.West,>,NDC.ID,deduced
CEN.West,>,NDC.MT,deduced
CEN.West,>,NDC.NM,deduced
CEN.West,>,NDC.NV,deduced
CEN.West,>,NDC.OR,deduced
CEN.West,>,NDC.UT,deduced
CEN.West,>,NDC.WA,deduced
CEN.West,>,NDC.WY,deduced
CEN.AK,!,NDC.AL,inferred
CEN.AK,!,NDC.AR,inferred
CEN.AK,!,NDC.CT,inferred
CEN.AK,!,NDC.DE,inferred
CEN.AK,!,NDC.FL,inferred
CEN.AK,!,NDC.GA,inferred
CEN.AK,!,NDC.IA,inferred
CEN.AK,!,NDC.IL,inferred
CEN.AK,!,NDC.IN,inferred
CEN.AK,!,NDC.KS,inferred
CEN.AK,!,NDC.KY,inferred
CEN.AK,!,NDC.LA,inferred
CEN.AK,!,NDC.MA,inferred
CEN.AK,!,NDC.MD,inferred
CEN.AK,!,NDC.ME,inferred
CEN.AK,!,NDC.MI,inferred
CEN.AK,!,NDC.MN,inferred
CEN.AK,!,NDC.MO,inferred
CEN.AK,!,NDC.MS,inferred
CEN.AK,!,NDC.Midwest,inferred
CEN.AK,!,NDC.NC,inferred
CEN.AK,!,NDC.ND,inferred
CEN.AK,!,NDC.NE,inferred
CEN.AK,!,NDC.NH,inferred
CEN.AK,!,NDC.NJ,inferred
CEN.AK,!,NDC.NY,inferred
CEN.AK,!,NDC.Northeast,inferred
CEN.AK,!,NDC.OH,inferred
CEN.AK,!,NDC.OK,inferred
CEN.AK,!,NDC.PA,inferred
CEN.AK,!,NDC.RI,inferred
CEN.AK,!,NDC.SC,inferred
CEN.AK,!,NDC.SD,inferred
CEN.AK,!,NDC.Southeast,inferred
CEN.AK,!,NDC.Southwest,inferred
CEN.AK,!,NDC.TN,inferred
CEN.AK,!,NDC.TX,inferred
CEN.AK,!,NDC.USA,inferred
CEN.AK,!,NDC.VA,inferred
CEN.AK,!,NDC.VT,inferred
CEN.AK,!,NDC.WI,inferred
CEN.AK,!,NDC.WV,inferred
CEN.AK,!,NDC.West,inferred
CEN.AL,!,NDC.AZ,inferred
CEN.AL,!,NDC.CA,inferred
CEN.AL,!,NDC.CO,inferred
CEN.AL,!,NDC.CT,inferred
CEN.AL,!,NDC.IA,inferred
CEN.AL,!,NDC.ID,inferred
CEN.AL,!,NDC.IL,inferred
CEN.AL,!,NDC.IN,inferred
CEN.AL,!,NDC.KS,inferred
CEN.AL,!,NDC.MA,inferred
CEN.AL,!,NDC.ME,inferred
CEN.AL,!,NDC.MI,inferred
CEN.AL,!,NDC.MN,inferred
CEN.AL,!,NDC.MO,inferred
CEN.AL,!,NDC.MT,inferred
CEN.AL,!,NDC.Midwest,inferred
CEN.AL,!,NDC.ND,inferred
CEN.AL,!,NDC.NE,inferred
CEN.AL,!,NDC.NH,inferred
CEN.AL,!,NDC.NJ,inferred
CEN.AL,!,NDC.NM,inferred
CEN.AL,!,NDC.NV,inferred
CEN.AL,!,NDC.NY,inferred
CEN.AL,!,NDC.Northeast,inferred
CEN.AL,!,NDC.OH,inferred
CEN.AL,!,NDC.OR,inferred
CEN.AL,!,NDC.PA,inferred
CEN.AL,!,NDC.RI,inferred
CEN.AL,!,NDC.SD,inferred
CEN.AL,<,NDC.Southeast,inferred
CEN.AL,!,NDC.Southwest,inferred
CEN.AL,<,NDC.USA,inferred
CEN.AL,!,NDC.UT,inferred
CEN.AL,!,NDC.VT,inferred
CEN.AL,!,NDC.WA,inferred
CEN.AL,!,NDC.WI,inferred
CEN.AL,!,NDC.WY,inferred
CEN.AL,!,NDC.West,inferred
CEN.AR,!,NDC.AZ,inferred
CEN.AR,!,NDC.CA,inferred
CEN.AR,!,NDC.CO,inferred
CEN.AR,!,NDC.CT,inferred
CEN.AR,!,NDC.IA,inferred
CEN.AR,!,NDC.ID,inferred
CEN.AR,!,NDC.IL,inferred
CEN.AR,!,NDC.IN,inferred
CEN.AR,!,NDC.KS,inferred
CEN.AR,!,NDC.MA,inferred
CEN.AR,!,NDC.ME,inferred
CEN.AR,!,NDC.MI,inferred
CEN.AR,!,NDC.MN,inferred
CEN.AR,!,NDC.MO,inferred
CEN.AR,!,NDC.MT,inferred
CEN.AR,!,NDC.Midwest,inferred
CEN.AR,!,NDC.ND,inferred
CEN.AR,!,NDC.NE,inferred
CEN.AR,!,NDC.NH,inferred
CEN.AR,!,NDC.NJ,inferred
CEN.AR,!,NDC.NM,inferred
CEN.AR,!,NDC.NV,inferred
CEN.AR,!,NDC.NY,inferred
CEN.AR,!,NDC.Northeast,inferred
CEN.AR,!,NDC.OH,inferred
CEN.AR,!,NDC.OR,inferred
CEN.AR,!,NDC.PA,inferred
CEN.AR,!,NDC.RI,inferred
CEN.AR,!,NDC.SD,inferred
CEN.AR,<,NDC.Southeast,inferred
CEN.AR,!,NDC.Southwest,inferred
CEN.AR,<,NDC.USA,inferred
CEN.AR,!,NDC.UT,inferred
CEN.AR,!,NDC.VT,inferred
CEN.AR,!,NDC.WA,inferred
CEN.AR,!,NDC.WI,inferred
CEN.AR,!,NDC.WY,inferred
CEN.AR,!,NDC.West,inferred
CEN.AZ,!,NDC.AL,inferred
CEN.AZ,!,NDC.AR,inferred
CEN.AZ,!,NDC.CT,inferred
CEN.AZ,!,NDC.DE,inferred
CEN.AZ,!,NDC.FL,inferred
CEN.AZ,!,NDC.GA,inferred
CEN.AZ,!,NDC.IA,inferred
CEN.AZ,!,NDC.IL,inferred
CEN.AZ,!,NDC.IN,inferred
CEN.AZ,!,NDC.KS,inferred
CEN.AZ,!,NDC.KY,inferred
CEN.AZ,!,NDC.LA,inferred
CEN.AZ,!,NDC.MA,inferred
CEN.AZ,!,NDC.MD,inferred
CEN.AZ,!,NDC.ME,inferred
CEN.AZ,!,NDC.MI,inferred
CEN.AZ,!,NDC.MN,inferred
CEN.AZ,!,NDC.MO,inferred
CEN.AZ,!,NDC.MS,inferred
CEN.AZ,!,NDC.Midwest,inferred
CEN.AZ,!,NDC.NC,inferred
CEN.AZ,!,NDC.ND,inferred
CEN.AZ,!,NDC.NE,inferred
CEN.AZ,!,NDC.NH,inferred
CEN.AZ,!,NDC.NJ,inferred
CEN.AZ,!,NDC.NY,inferred
CEN.AZ,!,NDC.Northeast,inferred
CEN.AZ,!,NDC.OH,inferred
CEN.AZ,!,NDC.PA,inferred
CEN.AZ,!,NDC.RI,inferred
CEN.AZ,!,NDC.SC,inferred
CEN.AZ,!,NDC.SD,inferred
CEN.AZ,!,NDC.Southeast,inferred
CEN.AZ,<,NDC.Southwest,inferred
CEN.AZ,!,NDC.TN,inferred
CEN.AZ,<,NDC.USA,inferred
CEN.AZ,!,NDC.VA,inferred
CEN.AZ,!,NDC.VT,inferred
CEN.AZ,!,NDC.WI,inferred
CEN.AZ,!,NDC.WV,inferred
CEN.AZ,!,NDC.West,inferred
CEN.CA,!,NDC.AL,inferred
CEN.CA,!,NDC.AR,inferred
CEN.CA,!,NDC.CT,inferred
CEN.CA,!,NDC.DE,inferred
CEN.CA,!,NDC.FL,inferred
CEN.CA,!,NDC.GA,inferred
CEN.CA,!,NDC.IA,inferred
CEN.CA,!,NDC.IL,inferred
CEN.CA,!,NDC.IN,inferred
CEN.CA,!,NDC.KS,inferred
CEN.CA,!,NDC.KY,inferred
CEN.CA,!,NDC.LA,inferred
CEN.CA,!,NDC.MA,inferred
CEN.CA,!,NDC.MD,inferred
CEN.CA,!,NDC.ME,inferred
CEN.CA,!,NDC.MI,inferred
CEN.CA,!,NDC.MN,inferred
CEN.CA,!,NDC.MO,inferred
CEN.CA,!,NDC.MS,inferred
CEN.CA,!,NDC.Midwest,inferred
CEN.CA,!,NDC.NC,inferred
CEN.CA,!,NDC.ND,inferred
CEN.CA,!,NDC.NE,inferred
CEN.CA,!,NDC.NH,inferred
CEN.CA,!,NDC.NJ,inferred
CEN.CA,!,NDC.NY,inferred
CEN.CA,!,NDC.Northeast,inferred
CEN.CA,!,NDC.OH,inferred
CEN.CA,!,NDC.OK,inferred
CEN.CA,!,NDC.PA,inferred
CEN.CA,!,NDC.RI,inferred
CEN.CA,!,NDC.SC,inferred
CEN.CA,!,NDC.SD,inferred
CEN.CA,!,NDC.Southeast,inferred
CEN.CA,!,NDC.Southwest,inferred
CEN.CA,!,NDC.TN,inferred
CEN.CA,!,NDC.TX,inferred
CEN.CA,<,NDC.USA,inferred
CEN.CA,!,NDC.VA,inferred
CEN.CA,!,NDC.VT,inferred
CEN.CA,!,NDC.WI,inferred
CEN.CA,!,NDC.WV,inferred
CEN.CA,<,NDC.West,inferred
CEN.CO,!,NDC.AL,inferred
CEN.CO,!,NDC.AR,inferred
CEN.CO,!,NDC.CT,inferred
CEN.CO,!,NDC.DE,inferred
CEN.CO,!,NDC.FL,inferred
CEN.CO,!,NDC.GA,inferred
CEN.CO,!,NDC.IA,inferred
CEN.CO,!,NDC.IL,inferred
CEN.CO,!,NDC.IN,inferred
CEN.CO,!,NDC.KS,inferred
CEN.CO,!,NDC.KY,inferred
CEN.CO,!,NDC.LA,inferred
CEN.CO,!,NDC.MA,inferred
CEN.CO,!,NDC.MD,inferred
CEN.CO,!,NDC.ME,inferred
CEN.CO,!,NDC.MI,inferred
CEN.CO,!,NDC.MN,inferred
CEN.CO,!,NDC.MO,inferred
CEN.CO,!,NDC.MS,inferred
CEN.CO,!,NDC.Midwest,inferred
CEN.CO,!,NDC.NC,inferred
CEN.CO,!,NDC.ND,inferred
CEN.CO,!,NDC.NE,inferred
CEN.CO,!,NDC.NH,inferred
CEN.CO,!,NDC.NJ,inferred
CEN.CO,!,NDC.NY,inferred
CEN.CO,!,NDC.Northeast,inferred
CEN.CO,!,NDC.OH,inferred
CEN.CO,!,NDC.OK,inferred
CEN.CO,!,NDC.PA,inferred
CEN.CO,!,NDC.RI,inferred
CEN.CO,!,NDC.SC,inferred
CEN.CO,!,NDC.SD,inferred
CEN.CO,!,NDC.Southeast,inferred
CEN.CO,!,NDC.Southwest,inferred
CEN.CO,!,NDC.TN,inferred
CEN.CO,!,NDC.TX,inferred
CEN.CO,<,NDC.USA,inferred
CEN.CO,!,NDC.VA,inferred
CEN.CO,!,NDC.VT,inferred
CEN.CO,!,NDC.WI,inferred
CEN.CO,!,NDC.WV,inferred
CEN.CO,<,NDC.West,inferred
CEN.CT,!,NDC.AL,inferred
CEN.CT,!,NDC.AR,inferred
CEN.CT,!,NDC.AZ,inferred
CEN.CT,!,NDC.CA,inferred
CEN.CT,!,NDC.CO,inferred
CEN.CT,!,NDC.FL,inferred
CEN.CT,!,NDC.GA,inferred
CEN.CT,!,NDC.IA,inferred
CEN.CT,!,NDC.ID,inferred
CEN.CT,!,NDC.IL,inferred
CEN.CT,!,NDC.IN,inferred
CEN.CT,!,NDC.KS,inferred
CEN.CT,!,NDC.KY,inferred
CEN.CT,!,NDC.LA,inferred
CEN.CT,!,NDC.MI,inferred
CEN.CT,!,NDC.MN,inferred
CEN.CT,!,NDC.MO,inferred
CEN.CT,!,NDC.MS,inferred
CEN.CT,!,NDC.MT,inferred
CEN.CT,!,NDC.Midwest,inferred
CEN.CT,!,NDC.NC,inferred
CEN.CT,!,NDC.ND,inferred
CEN.CT,!,NDC.NE,inferred
CEN.CT,!,NDC.NM,inferred
CEN.CT,!,NDC.NV,inferred
CEN.CT,<,NDC.Northeast,inferred
CEN.CT,!,NDC.OH,inferred
CEN.CT,!,NDC.OK,inferred
CEN.CT,!,NDC.OR,inferred
CEN.CT,!,NDC.SC,inferred
CEN.CT,!,NDC.SD,inferred
CEN.CT,!,NDC.Southeast,inferred
CEN.CT,!,NDC.Southwest,inferred
CEN.CT,!,NDC.TN,inferred
CEN.CT,!,NDC.TX,inferred
CEN.CT,<,NDC.USA,inferred
CEN.CT,!,NDC.UT,inferred
CEN.CT,!,NDC.VA,inferred
CEN.CT,!,NDC.WA,inferred
CEN.CT,!,NDC.WI,inferred
CEN.CT,!,NDC.WV,inferred
CEN.CT,!,NDC.WY,inferred
CEN.CT,!,NDC.West,inferred
CEN.DC,!,NDC.AZ,inferred
CEN.DC,!,NDC.CA,inferred
CEN.DC,!,NDC.CO,inferred
CEN.DC,!,NDC.CT,inferred
CEN.DC,!,NDC.IA,inferred
CEN.DC,!,NDC.ID,inferred
CEN.DC,!,NDC.IL,inferred
CEN.DC,!,NDC.IN,inferred
CEN.DC,!,NDC.KS,inferred
CEN.DC,!,NDC.MA,inferred
CEN.DC,!,NDC.ME,inferred
CEN.DC,!,NDC.MI,inferred
CEN.DC,!,NDC.MN,inferred
CEN.DC,!,NDC.MO,inferred
CEN.DC,!,NDC.MT,inferred
CEN.DC,!,NDC.Midwest,inferred
CEN.DC,!,NDC.ND,inferred
CEN.DC,!,NDC.NE,inferred
CEN.DC,!,NDC.NH,inferred
CEN.DC,!,NDC.NJ,inferred
CEN.DC,!,NDC.NM,inferred
CEN.DC,!,NDC.NV,inferred
CEN.DC,!,NDC.NY,inferred
CEN.DC,!,NDC.Northeast,inferred
CEN.DC,!,NDC.OH,inferred
CEN.DC,!,NDC.OR,inferred
CEN.DC,!,NDC.PA,inferred
CEN.DC,!,NDC.RI,inferred
CEN.DC,!,NDC.SD,inferred
CEN.DC,!,NDC.Southeast,inferred
CEN.DC,!,NDC.Southwest,inferred
CEN.DC,!,NDC.USA,inferred
CEN.DC,!,NDC.UT,inferred
CEN.DC,!,NDC.VT,inferred
CEN.DC,!,NDC.WA,inferred
CEN.DC,!,NDC.WI,inferred
CEN.DC,!,NDC.WY,inferred
CEN.DC,!,NDC.West,inferred
CEN.DE,!,NDC.AZ,inferred
CEN.DE,!,NDC.CA,inferred
CEN.DE,!,NDC.CO,inferred
CEN.DE,!,NDC.IA,inferred
CEN.DE,!,NDC.ID,inferred
CEN.DE,!,NDC.IL,inferred
CEN.DE,!,NDC.IN,inferred
CEN.DE,!,NDC.KS,inferred
CEN.DE,!,NDC.MI,inferred
CEN.DE,!,NDC.MN,inferred
CEN.DE,!,NDC.MO,inferred
CEN.DE,!,NDC.MT,inferred
CEN.DE,!,NDC.Midwest,inferred
CEN.DE,!,NDC.ND,inferred
CEN.DE,!,NDC.NE,inferred
CEN.DE,!,NDC.NM,inferred
CEN.DE,!,NDC.NV,inferred
CEN.DE,<,NDC.Northeast,inferred
CEN.DE,!,NDC.OH,inferred
CEN.DE,!,NDC.OR,inferred
CEN.DE,!,NDC.SD,inferred
CEN.DE,!,NDC.Southeast,inferred
CEN.DE,!,NDC.Southwest,inferred
CEN.DE,<,NDC.USA,inferred
CEN.DE,!,NDC.UT,inferred
CEN.DE,!,NDC.WA,inferred
CEN.DE,!,NDC.WI,inferred
CEN.DE,!,NDC.WY,inferred
CEN.DE,!,NDC.West,inferred
CEN.FL,!,NDC.AZ,inferred
CEN.FL,!,NDC.CA,inferred
CEN.FL,!,NDC.CO,inferred
CEN.FL,!,NDC.CT,inferred
CEN.FL,!,NDC.IA,inferred
CEN.FL,!,NDC.ID,inferred
CEN.FL,!,NDC.IL,inferred
CEN.FL,!,NDC.IN,inferred
CEN.FL,!,NDC.KS,inferred
CEN.FL,!,NDC.MA,inferred
CEN.FL,!,NDC.ME,inferred
CEN.FL,!,NDC.MI,inferred
CEN.FL,!,NDC.MN,inferred
CEN.FL,!,NDC.MO,inferred
CEN.FL,!,NDC.MT,inferred
CEN.FL,!,NDC.Midwest,inferred
CEN.FL,!,NDC.ND,inferred
CEN.FL,!,NDC.NE,inferred
CEN.FL,!,NDC.NH,inferred
CEN.FL,!,NDC.NJ,inferred
CEN.FL,!,NDC.NM,inferred
CEN.FL,!,NDC.NV,inferred
CEN.FL,!,NDC.NY,inferred
CEN.FL,!,NDC.Northeast,inferred
CEN.FL,!,NDC.OH,inferred
CEN.FL,!,NDC.OR,inferred
CEN.FL,!,NDC.PA,inferred
CEN.FL,!,NDC.RI,inferred
CEN.FL,!,NDC.SD,inferred
CEN.FL,<,NDC.Southeast,inferred
CEN.FL,!,NDC.Southwest,inferred
CEN.FL,<,NDC.USA,inferred
CEN.FL,!,NDC.UT,inferred
CEN.FL,!,NDC.VT,inferred
CEN.FL,!,NDC.WA,inferred
CEN.FL,!,NDC.WI,inferred
CEN.FL,!,NDC.WY,inferred
CEN.FL,!,NDC.West,inferred
CEN.GA,!,NDC.AZ,inferred
CEN.GA,!,NDC.CA,inferred
CEN.GA,!,NDC.CO,inferred
CEN.GA,!,NDC.CT,inferred
CEN.GA,!,NDC.IA,inferred
CEN.GA,!,NDC.ID,inferred
CEN.GA,!,NDC.IL,inferred
CEN.GA,!,NDC.IN,inferred
CEN.GA,!,NDC.KS,inferred
CEN.GA,!,NDC.MA,inferred
CEN.GA,!,NDC.ME,inferred
CEN.GA,!,NDC.MI,inferred
CEN.GA,!,NDC.MN,inferred
CEN.GA,!,NDC.MO,inferred
CEN.GA,!,NDC.MT,inferred
CEN.GA,!,NDC.Midwest,inferred
CEN.GA,!,NDC.ND,inferred
CEN.GA,!,NDC.NE,inferred
CEN.GA,!,NDC.NH,inferred
CEN.GA,!,NDC.NJ,inferred
CEN.GA,!,NDC.NM,inferred
CEN.GA,!,NDC.NV,inferred
CEN.GA,!,NDC.NY,inferred
CEN.GA,!,NDC.Northeast,inferred
CEN.GA,!,NDC.OH,inferred
CEN.GA,!,NDC.OR,inferred
CEN.GA,!,NDC.PA,inferred
CEN.GA,!,NDC.RI,inferred
CEN.GA,!,NDC.SD,inferred
CEN.GA,<,NDC.Southeast,inferred
CEN.GA,!,NDC.Southwest,inferred
CEN.GA,<,NDC.USA,inferred
CEN.GA,!,NDC.UT,inferred
CEN.GA,!,NDC.VT,inferred
CEN.GA,!,NDC.WA,inferred
CEN.GA,!,NDC.WI,inferred
CEN.GA,!,NDC.WY,inferred
CEN.GA,!,NDC.West,inferred
CEN.HI,!,NDC.AL,inferred
CEN.HI,!,NDC.AR,inferred
CEN.HI,!,NDC.CT,inferred
CEN.HI,!,NDC.DE,inferred
CEN.HI,!,NDC.FL,inferred
CEN.HI,!,NDC.GA,inferred
CEN.HI,!,NDC.IA,inferred
CEN.HI,!,NDC.IL,inferred
CEN.HI,!,NDC.IN,inferred
CEN.HI,!,NDC.KS,inferred
CEN.HI,!,NDC.KY,inferred
CEN.HI,!,NDC.LA,inferred
CEN.HI,!,NDC.MA,inferred
CEN.HI,!,NDC.MD,inferred
CEN.HI,!,NDC.ME,inferred
CEN.HI,!,NDC.MI,inferred
CEN.HI,!,NDC.MN,inferred
CEN.HI,!,NDC.MO,inferred
CEN.HI,!,NDC.MS,inferred
CEN.HI,!,NDC.Midwest,inferred
CEN.HI,!,NDC.NC,inferred
CEN.HI,!,NDC.ND,inferred
CEN.HI,!,NDC.NE,inferred
CEN.HI,!,NDC.NH,inferred
CEN.HI,!,NDC.NJ,inferred
CEN.HI,!,NDC.NY,inferred
CEN.HI,!,NDC.Northeast,inferred
CEN.HI,!,NDC.OH,inferred
CEN.HI,!,NDC.OK,inferred
CEN.HI,!,NDC.PA,inferred
CEN.HI,!,NDC.RI,inferred
CEN.HI,!,NDC.SC,inferred
CEN.HI,!,NDC.SD,inferred
CEN.HI,!,NDC.Southeast,inferred
CEN.HI,!,NDC.Southwest,inferred
CEN.HI,!,NDC.TN,inferred
CEN.HI,!,NDC.TX,inferred
CEN.HI,!,NDC.USA,inferred
CEN.HI,!,NDC.VA,inferred
CEN.HI,!,NDC.VT,inferred
CEN.HI,!,NDC.WI,inferred
CEN.HI,!,NDC.WV,inferred
CEN.HI,!,NDC.West,inferred
CEN.IA,!,NDC.AL,inferred
CEN.IA,!,NDC.AR,inferred
CEN.IA,!,NDC.AZ,inferred
CEN.IA,!,NDC.CA,inferred
CEN.IA,!,NDC.CO,inferred
CEN.IA,!,NDC.CT,inferred
CEN.IA,!,NDC.DE,inferred
CEN.IA,!,NDC.FL,inferred
CEN.IA,!,NDC.GA,inferred
CEN.IA,!,NDC.ID,inferred
CEN.IA,!,NDC.KY,inferred
CEN.IA,!,NDC.LA,inferred
CEN.IA,!,NDC.MA,inferred
CEN.IA,!,NDC.MD,inferred
CEN.IA,!,NDC.ME,inferred
CEN.IA,!,NDC.MS,inferred
CEN.IA,!,NDC.MT,inferred
CEN.IA,<,NDC.Midwest,inferred
CEN.IA,!,NDC.NC,inferred
CEN.IA,!,NDC.NH,inferred
CEN.IA,!,NDC.NJ,inferred
CEN.IA,!,NDC.NM,inferred
CEN.IA,!,NDC.NV,inferred
CEN.IA,!,NDC.NY,inferred
CEN.IA,!,NDC.Northeast,inferred
CEN.IA,!,NDC.OK,inferred
CEN.IA,!,NDC.OR,inferred
CEN.IA,!,NDC.PA,inferred
CEN.IA,!,NDC.RI,inferred
CEN.IA,!,NDC.SC,inferred
CEN.IA,!,NDC.Southeast,inferred
CEN.IA,!,NDC.Southwest,inferred
CEN.IA,!,NDC.TN,inferred
CEN.IA,!,NDC.TX,inferred
CEN.IA,<,NDC.USA,inferred
CEN.IA,!,NDC.UT,inferred
CEN.IA,!,NDC.VA,inferred
CEN.IA,!,NDC.VT,inferred
CEN.IA,!,NDC.WA,inferred
CEN.IA,!,NDC.WV,inferred
CEN.IA,!,NDC.WY,inferred
CEN.IA,!,NDC.West,inferred
CEN.ID,!,NDC.AL,inferred
CEN.ID,!,NDC.AR,inferred
CEN.ID,!,NDC.CT,inferred
CEN.ID,!,NDC.DE,inferred
CEN.ID,!,NDC.FL,inferred
CEN.ID,!,NDC.GA,inferred
CEN.ID,!,NDC.IA,inferred
CEN.ID,!,NDC.IL,inferred
CEN.ID,!,NDC.IN,inferred
CEN.ID,!,NDC.KS,inferred
CEN.ID,!,NDC.KY,inferred
CEN.ID,!,NDC.LA,inferred
CEN.ID,!,NDC.MA,inferred
CEN.ID,!,NDC.MD,inferred
CEN.ID,!,NDC.ME,inferred
CEN.ID,!,NDC.MI,inferred
CEN.ID,!,NDC.MN,inferred
CEN.ID,!,NDC.MO,inferred
CEN.ID,!,NDC.MS,inferred
CEN.ID,!,NDC.Midwest,inferred
CEN.ID,!,NDC.NC,inferred
CEN.ID,!,NDC.ND,inferred
CEN.ID,!,NDC.NE,inferred
CEN.ID,!,NDC.NH,inferred
CEN.ID,!,NDC.NJ,inferred
CEN.ID,!,NDC.NY,inferred
CEN.ID,!,NDC.Northeast,inferred
CEN.ID,!,NDC.OH,inferred
CEN.ID,!,NDC.OK,inferred
CEN.ID,!,NDC.PA,inferred
CEN.ID,!,NDC.RI,inferred
CEN.ID,!,NDC.SC,inferred
CEN.ID,!,NDC.SD,inferred
CEN.ID,!,NDC.Southeast,inferred
CEN.ID,!,NDC.Southwest,inferred
CEN.ID,!,NDC.TN,inferred
CEN.ID,!,NDC.TX,inferred
CEN.ID,<,NDC.USA,inferred
CEN.ID,!,NDC.VA,inferred
CEN.ID,!,NDC.VT,inferred
CEN.ID,!,NDC.WI,inferred
CEN.ID,!,NDC.WV,inferred
CEN.ID,<,NDC.West,inferred
CEN.IL,!,NDC.AL,inferred
CEN.IL,!,NDC.AR,inferred
CEN.IL,!,NDC.AZ,inferred
CEN.IL,!,NDC.CA,inferred
CEN.IL,!,NDC.CO,inferred
CEN.IL,!,NDC.CT,inferred
CEN.IL,!,NDC.DE,inferred
CEN.IL,!,NDC.FL,inferred
CEN.IL,!,NDC.GA,inferred
CEN.IL,!,NDC.ID,inferred
CEN.IL,!,NDC.KY,inferred
CEN.IL,!,NDC.LA,inferred
CEN.IL,!,NDC.MA,inferred
CEN.IL,!,NDC.MD,inferred
CEN.IL,!,NDC.ME,inferred
CEN.IL,!,NDC.MS,inferred
CEN.IL,!,NDC.MT,inferred
CEN.IL,<,NDC.Midwest,inferred
CEN.IL,!,NDC.NC,inferred
CEN.IL,!,NDC.NH,inferred
CEN.IL,!,NDC.NJ,inferred
CEN.IL,!,NDC.NM,inferred
CEN.IL,!,NDC.NV,inferred
CEN.IL,!,NDC.NY,inferred
CEN.IL,!,NDC.Northeast,inferred
CEN.IL,!,NDC.OK,inferred
CEN.IL,!,NDC.OR,inferred
CEN.IL,!,NDC.PA,inferred
CEN.IL,!,NDC.RI,inferred
CEN.IL,!,NDC.SC,inferred
CEN.IL,!,NDC.Southeast,inferred
CEN.IL,!,NDC.Southwest,inferred
CEN.IL,!,NDC.TN,inferred
CEN.IL,!,NDC.TX,inferred
CEN.IL,<,NDC.USA,inferred
CEN.IL,!,NDC.UT,inferred
CEN.IL,!,NDC.VA,inferred
CEN.IL,!,NDC.VT,inferred
CEN.IL,!,NDC.WA,inferred
CEN.IL,!,NDC.WV,inferred
CEN.IL,!,NDC.WY,inferred
CEN.IL,!,NDC.West,inferred
CEN.IN,!,NDC.AL,inferred
CEN.IN,!,NDC.AR,inferred
CEN.IN,!,NDC.AZ,inferred
CEN.IN,!,NDC.CA,inferred
CEN.IN,!,NDC.CO,inferred
CEN.IN,!,NDC.CT,inferred
CEN.IN,!,NDC.DE,inferred
CEN.IN,!,NDC.FL,inferred
CEN.IN,!,NDC.GA,inferred
CEN.IN,!,NDC.ID,inferred
CEN.IN,!,NDC.KY,inferred
CEN.IN,!,NDC.LA,inferred
CEN.IN,!,NDC.MA,inferred
CEN.IN,!,NDC.MD,inferred
CEN.IN,!,NDC.ME,inferred
CEN.IN,!,NDC.MS,inferred
CEN.IN,!,NDC.MT,inferred
CEN.IN,<,NDC.Midwest,inferred
CEN.IN,!,NDC.NC,inferred
CEN.IN,!,NDC.NH,inferred
CEN.IN,!,NDC.NJ,inferred
CEN.IN,!,NDC.NM,inferred
CEN.IN,!,NDC.NV,inferred
CEN.IN,!,NDC.NY,inferred
CEN.IN,!,NDC.Northeast,inferred
CEN.IN,!,NDC.OK,inferred
CEN.IN,!,NDC.OR,inferred
CEN.IN,!,NDC.PA,inferred
CEN.IN,!,NDC.RI,inferred
CEN.IN,!,NDC.SC,inferred
CEN.IN,!,NDC.Southeast,inferred
CEN.IN,!,NDC.Southwest,inferred
CEN.IN,!,NDC.TN,inferred
CEN.IN,!,NDC.TX,inferred
CEN.IN,<,NDC.USA,inferred
CEN.IN,!,NDC.UT,inferred
CEN.IN,!,NDC.VA,inferred
CEN.IN,!,NDC.VT,inferred
CEN.IN,!,NDC.WA,inferred
CEN.IN,!,NDC.WV,inferred
CEN.IN,!,NDC.WY,inferred
CEN.IN,!,NDC.West,inferred
CEN.KS,!,NDC.AL,inferred
CEN.KS,!,NDC.AR,inferred
CEN.KS,!,NDC.AZ,inferred
CEN.KS,!,NDC.CA,inferred
CEN.KS,!,NDC.CO,inferred
CEN.KS,!,NDC.CT,inferred
CEN.KS,!,NDC.DE,inferred
CEN.KS,!,NDC.FL,inferred
CEN.KS,!,NDC.GA,inferred
CEN.KS,!,NDC.ID,inferred
CEN.KS,!,NDC.KY,inferred
CEN.KS,!,NDC.LA,inferred
CEN.KS,!,NDC.MA,inferred
CEN.KS,!,NDC.MD,inferred
CEN.KS,!,NDC.ME,inferred
CEN.KS,!,NDC.MS,inferred
CEN.KS,!,NDC.MT,inferred
CEN.KS,<,NDC.Midwest,inferred
CEN.KS,!,NDC.NC,inferred
CEN.KS,!,NDC.NH,inferred
CEN.KS,!,NDC.NJ,inferred
CEN.KS,!,NDC.NM,inferred
CEN.KS,!,NDC.NV,inferred
CEN.KS,!,NDC.NY,inferred
CEN.KS,!,NDC.Northeast,inferred
CEN.KS,!,NDC.OK,inferred
CEN.KS,!,NDC.OR,inferred
CEN.KS,!,NDC.PA,inferred
CEN.KS,!,NDC.RI,inferred
CEN.KS,!,NDC.SC,inferred
CEN.KS,!,NDC.Southeast,inferred
CEN.KS,!,NDC.Southwest,inferred
CEN.KS,!,NDC.TN,inferred
CEN.KS,!,NDC.TX,inferred
CEN.KS,<,NDC.USA,inferred
CEN.KS,!,NDC.UT,inferred
CEN.KS,!,NDC.VA,inferred
CEN.KS,!,NDC.VT,inferred
CEN.KS,!,NDC.WA,inferred
CEN.KS,!,NDC.WV,inferred
CEN.KS,!,NDC.WY,inferred
CEN.KS,!,NDC.West,inferred
CEN.KY,!,NDC.AZ,inferred
CEN.KY,!,NDC.CA,inferred
CEN.KY,!,NDC.CO,inferred
CEN.KY,!,NDC.CT,inferred
CEN.KY,!,NDC.IA,inferred
CEN.KY,!,NDC.ID,inferred
CEN.KY,!,NDC.IL,inferred
CEN.KY,!,NDC.IN,inferred
CEN.KY,!,NDC.KS,inferred
CEN.KY,!,NDC.MA,inferred
CEN.KY,!,NDC.ME,inferred
CEN.KY,!,NDC.MI,inferred
CEN.KY,!,NDC.MN,inferred
CEN.KY,!,NDC.MO,inferred
CEN.KY,!,NDC.MT,inferred
CEN.KY,!,NDC.Midwest,inferred
CEN.KY,!,NDC.ND,inferred
CEN.KY,!,NDC.NE,inferred
CEN.KY,!,NDC.NH,inferred
CEN.KY,!,NDC.NJ,inferred
CEN.KY,!,NDC.NM,inferred
CEN.KY,!,NDC.NV,inferred
CEN.KY,!,NDC.NY,inferred
CEN.KY,!,NDC.Northeast,inferred
CEN.KY,!,NDC.OH,inferred
CEN.KY,!,NDC.OR,inferred
CEN.KY,!,NDC.PA,inferred
CEN.KY,!,NDC.RI,inferred
CEN.KY,!,NDC.SD,inferred
CEN.KY,<,NDC.Southeast,inferred
CEN.KY,!,NDC.Southwest,inferred
CEN.KY,<,NDC.USA,inferred
CEN.KY,!,NDC.UT,inferred
CEN.KY,!,NDC.VT,inferred
CEN.KY,!,NDC.WA,inferred
CEN.KY,!,NDC.WI,inferred
CEN.KY,!,NDC.WY,inferred
CEN.KY,!,NDC.West,inferred
CEN.LA,!,NDC.AZ,inferred
CEN.LA,!,NDC.CA,inferred
CEN.LA,!,NDC.CO,inferred
CEN.LA,!,NDC.CT,inferred
CEN.LA,!,NDC.IA,inferred
CEN.LA,!,NDC.ID,inferred
CEN.LA,!,NDC.IL,inferred
CEN.LA,!,NDC.IN,inferred
CEN.LA,!,NDC.KS,inferred
CEN.LA,!,NDC.MA,inferred
CEN.LA,!,NDC.ME,inferred
CEN.LA,!,NDC.MI,inferred
CEN.LA,!,NDC.MN,inferred
CEN.LA,!,NDC.MO,inferred
CEN.LA,!,NDC.MT,inferred
CEN.LA,!,NDC.Midwest,inferred
CEN.LA,!,NDC.ND,inferred
CEN.LA,!,NDC.NE,inferred
CEN.LA,!,NDC.NH,inferred
CEN.LA,!,NDC.NJ,inferred
CEN.LA,!,NDC.NM,inferred
CEN.LA,!,NDC.NV,inferred
CEN.LA,!,NDC.NY,inferred
CEN.LA,!,NDC.Northeast,inferred
CEN.LA,!,NDC.OH,inferred
CEN.LA,!,NDC.OR,inferred
CEN.LA,!,NDC.PA,inferred
CEN.LA,!,NDC.RI,inferred
CEN.LA,!,NDC.SD,inferred
CEN.LA,<,NDC.Southeast,inferred
CEN.LA,!,NDC.Southwest,inferred
CEN.LA,<,NDC.USA,inferred
CEN.LA,!,NDC.UT,inferred
CEN.LA,!,NDC.VT,inferred
CEN.LA,!,NDC.WA,inferred
CEN.LA,!,NDC.WI,inferred
CEN.LA,!,NDC.WY,inferred
CEN.LA,!,NDC.West,inferred
CEN.MA,!,NDC.AL,inferred
CEN.MA,!,NDC.AR,inferred
CEN.MA,!,NDC.AZ,inferred
CEN.MA,!,NDC.CA,inferred
CEN.MA,!,NDC.CO,inferred
CEN.MA,!,NDC.FL,inferred
CEN.MA,!,NDC.GA,inferred
CEN.MA,!,NDC.IA,inferred
CEN.MA,!,NDC.ID,inferred
CEN.MA,!,NDC.IL,inferred
CEN.MA,!,NDC.IN,inferred
CEN.MA,!,NDC.KS,inferred
CEN.MA,!,NDC.KY,inferred
CEN.MA,!,NDC.LA,inferred
CEN.MA,!,NDC.MI,inferred
CEN.MA,!,NDC.MN,inferred
CEN.MA,!,NDC.MO,inferred
CEN.MA,!,NDC.MS,inferred
CEN.MA,!,NDC.MT,inferred
CEN.MA,!,NDC.Midwest,inferred
CEN.MA,!,NDC.NC,inferred
CEN.MA,!,NDC.ND,inferred
CEN.MA,!,NDC.NE,inferred
CEN.MA,!,NDC.NM,inferred
CEN.MA,!,NDC.NV,inferred
CEN.MA,<,NDC.Northeast,inferred
CEN.MA,!,NDC.OH,inferred
CEN.MA,!,NDC.OK,inferred
CEN.MA,!,NDC.OR,inferred
CEN.MA,!,NDC.SC,inferred
CEN.MA,!,NDC.SD,inferred
CEN.MA,!,NDC.Southeast,inferred
CEN.MA,!,NDC.Southwest,inferred
CEN.MA,!,NDC.TN,inferred
CEN.MA,!,NDC.TX,inferred
CEN.MA,<,NDC.USA,inferred
CEN.MA,!,NDC.UT,inferred
CEN.MA,!,NDC.VA,inferred
CEN.MA,!,NDC.WA,inferred
CEN.MA,!,NDC.WI,inferred
CEN.MA,!,NDC.WV,inferred
CEN.MA,!,NDC.WY,inferred
CEN.MA,!,NDC.West,inferred
CEN.MD,!,NDC.AZ,inferred
CEN.MD,!,NDC.CA,inferred
CEN.MD,!,NDC.CO,inferred
CEN.MD,!,NDC.IA,inferred
CEN.MD,!,NDC.ID,inferred
CEN.MD,!,NDC.IL,inferred
CEN.MD,!,NDC.IN,inferred
CEN.MD,!,NDC.KS,inferred
CEN.MD,!,NDC.MI,inferred
CEN.MD,!,NDC.MN,inferred
CEN.MD,!,NDC.MO,inferred
CEN.MD,!,NDC.MT,inferred
CEN.MD,!,NDC.Midwest,inferred
CEN.MD,!,NDC.ND,inferred
CEN.MD,!,NDC.NE,inferred
CEN.MD,!,NDC.NM,inferred
CEN.MD,!,NDC.NV,inferred
CEN.MD,<,NDC.Northeast,inferred
CEN.MD,!,NDC.OH,inferred
CEN.MD,!,NDC.OR,inferred
CEN.MD,!,NDC.SD,inferred
CEN.MD,!,NDC.Southeast,inferred
CEN.MD,!,NDC.Southwest,inferred
CEN.MD,<,NDC.USA,inferred
CEN.MD,!,NDC.UT,inferred
CEN.MD,!,NDC.WA,inferred
CEN.MD,!,NDC.WI,inferred
CEN.MD,!,NDC.WY,inferred
CEN.MD,!,NDC.West,inferred
CEN.ME,!,NDC.AL,inferred
CEN.ME,!,NDC.AR,inferred
CEN.ME,!,NDC.AZ,inferred
CEN.ME,!,NDC.CA,inferred
CEN.ME,!,NDC.CO,inferred
CEN.ME,!,NDC.FL,inferred
CEN.ME,!,NDC.GA,inferred
CEN.ME,!,NDC.IA,inferred
CEN.ME,!,NDC.ID,inferred
CEN.ME,!,NDC.IL,inferred
CEN.ME,!,NDC.IN,inferred
CEN.ME,!,NDC.KS,inferred
CEN.ME,!,NDC.KY,inferred
CEN.ME,!,NDC.LA,inferred
CEN.ME,!,NDC.MI,inferred
CEN.ME,!,NDC.MN,inferred
CEN.ME,!,NDC.MO,inferred
CEN.ME,!,NDC.MS,inferred
CEN.ME,!,NDC.MT,inferred
CEN.ME,!,NDC.Midwest,inferred
CEN.ME,!,NDC.NC,inferred
CEN.ME,!,NDC.ND,inferred
CEN.ME,!,NDC.NE,inferred
CEN.ME,!,NDC.NM,inferred
CEN.ME,!,NDC.NV,inferred
CEN.ME,<,NDC.Northeast,inferred
CEN.ME,!,NDC.OH,inferred
CEN.ME,!,NDC.OK,inferred
CEN.ME,!,NDC.OR,inferred
CEN.ME,!,NDC.SC,inferred
CEN.ME,!,NDC.SD,inferred
CEN.ME,!,NDC.Southeast,inferred
CEN.ME,!,NDC.Southwest,inferred
CEN.ME,!,NDC.TN,inferred
CEN.ME,!,NDC.TX,inferred
CEN.ME,<,NDC.USA,inferred
CEN.ME,!,NDC.UT,inferred
CEN.ME,!,NDC.VA,inferred
CEN.ME,!,NDC.WA,inferred
CEN.ME,!,NDC.WI,inferred
CEN.ME,!,NDC.WV,inferred
CEN.ME,!,NDC.WY,inferred
CEN.ME,!,NDC.West,inferred
CEN.MI,!,NDC.AL,inferred
CEN.MI,!,NDC.AR,inferred
CEN.MI,!,NDC.AZ,inferred
CEN.MI,!,NDC.CA,inferred
CEN.MI,!,NDC.CO,inferred
CEN.MI,!,NDC.CT,inferred
CEN.MI,!,NDC.DE,inferred
CEN.MI,!,NDC.FL,inferred
CEN.MI,!,NDC.GA,inferred
CEN.MI,!,NDC.ID,inferred
CEN.MI,!,NDC.KY,inferred
CEN.MI,!,NDC.LA,inferred
CEN.MI,!,NDC.MA,inferred
CEN.MI,!,NDC.MD,inferred
CEN.MI,!,NDC.ME,inferred
CEN.MI,!,NDC.MS,inferred
CEN.MI,!,NDC.MT,inferred
CEN.MI,<,NDC.Midwest,inferred
CEN.MI,!,NDC.NC,inferred
CEN.MI,!,NDC.NH,inferred
CEN.MI,!,NDC.NJ,inferred
CEN.MI,!,NDC.NM,inferred
CEN.MI,!,NDC.NV,inferred
CEN.MI,!,NDC.NY,inferred
CEN.MI,!,NDC.Northeast,inferred
CEN.MI,!,NDC.OK,inferred
CEN.MI,!,NDC.OR,inferred
CEN.MI,!,NDC.PA,inferred
CEN.MI,!,NDC.RI,inferred
CEN.MI,!,NDC.SC,inferred
CEN.MI,!,NDC.Southeast,inferred
CEN.MI,!,NDC.Southwest,inferred
CEN.MI,!,NDC.TN,inferred
CEN.MI,!,NDC.TX,inferred
CEN.MI,<,NDC.USA,inferred
CEN.MI,!,NDC.UT,inferred
CEN.MI,!,NDC.VA,inferred
CEN.MI,!,NDC.VT,inferred
CEN.MI,!,NDC.WA,inferred
CEN.MI,!,NDC.WV,inferred
CEN.MI,!,NDC.WY,inferred
CEN.MI,!,NDC.West,inferred
CEN.MN,!,NDC.AL,inferred
CEN.MN,!,NDC.AR,inferred
CEN.MN,!,NDC.AZ,inferred
CEN.MN,!,NDC.CA,inferred
CEN.MN,!,NDC.CO,inferred
CEN.MN,!,NDC.CT,inferred
CEN.MN,!,NDC.DE,inferred
CEN.MN,!,NDC.FL,inferred
CEN.MN,!,NDC.GA,inferred
CEN.MN,!,NDC.ID,inferred
CEN.MN,!,NDC.KY,inferred
CEN.MN,!,NDC.LA,inferred
CEN.MN,!,NDC.MA,inferred
CEN.MN,!,NDC.MD,inferred
CEN.MN,!,NDC.ME,inferred
CEN.MN,!,NDC.MS,inferred
CEN.MN,!,NDC.MT,inferred
CEN.MN,<,NDC.Midwest,inferred
CEN.MN,!,NDC.NC,inferred
CEN.MN,!,NDC.NH,inferred
CEN.MN,!,NDC.NJ,inferred
CEN.MN,!,NDC.NM,inferred
CEN.MN,!,NDC.NV,inferred
CEN.MN,!,NDC.NY,inferred
CEN.MN,!,NDC.Northeast,inferred
CEN.MN,!,NDC.OK,inferred
CEN.MN,!,NDC.OR,inferred
CEN.MN,!,NDC.PA,inferred
CEN.MN,!,NDC.RI,inferred
CEN.MN,!,NDC.SC,inferred
CEN.MN,!,NDC.Southeast,inferred
CEN.MN,!,NDC.Southwest,inferred
CEN.MN,!,NDC.TN,inferred
CEN.MN,!,NDC.TX,inferred
CEN.MN,<,NDC.USA,inferred
CEN.MN,!,NDC.UT,inferred
CEN.MN,!,NDC.VA,inferred
CEN.MN,!,NDC.VT,inferred
CEN.MN,!,NDC.WA,inferred
CEN.MN,!,NDC.WV,inferred
CEN.MN,!,NDC.WY,inferred
CEN.MN,!,NDC.West,inferred
CEN.MO,!,NDC.AL,inferred
CEN.MO,!,NDC.AR,inferred
CEN.MO,!,NDC.AZ,inferred
CEN.MO,!,NDC.CA,inferred
CEN.MO,!,NDC.CO,inferred
CEN.MO,!,NDC.CT,inferred
CEN.MO,!,NDC.DE,inferred
CEN.MO,!,NDC.FL,inferred
CEN.MO,!,NDC.GA,inferred
CEN.MO,!,NDC.ID,inferred
CEN.MO,!,NDC.KY,inferred
CEN.MO,!,NDC.LA,inferred
CEN.MO,!,NDC.MA,inferred
CEN.MO,!,NDC.MD,inferred
CEN.MO,!,NDC.ME,inferred
CEN.MO,!,NDC.MS,inferred
CEN.MO,!,NDC.MT,inferred
CEN.MO,<,NDC.Midwest,inferred
CEN.MO,!,NDC.NC,inferred
CEN.MO,!,NDC.NH,inferred
CEN.MO,!,NDC.NJ,inferred
CEN.MO,!,NDC.NM,inferred
CEN.MO,!,NDC.NV,inferred
CEN.MO,!,NDC.NY,inferred
CEN.MO,!,NDC.Northeast,inferred
CEN.MO,!,NDC.OK,inferred
CEN.MO,!,NDC.OR,inferred
CEN.MO,!,NDC.PA,inferred
CEN.MO,!,NDC.RI,inferred
CEN.MO,!,NDC.SC,inferred
CEN.MO,!,NDC.Southeast,inferred
CEN.MO,!,NDC.Southwest,inferred
CEN.MO,!,NDC.TN,inferred
CEN.MO,!,NDC.TX,inferred
CEN.MO,<,NDC.USA,inferred
CEN.MO,!,NDC.UT,inferred
CEN.MO,!,NDC.VA,inferred
CEN.MO,!,NDC.VT,inferred
CEN.MO,!,NDC.WA,inferred
CEN.MO,!,NDC.WV,inferred
CEN.MO,!,NDC.WY,inferred
CEN.MO,!,NDC.West,inferred
CEN.MS,!,NDC.AZ,inferred
CEN.MS,!,NDC.CA,inferred
CEN.MS,!,NDC.CO,inferred
CEN.MS,!,NDC.CT,inferred
CEN.MS,!,NDC.IA,inferred
CEN.MS,!,NDC.ID,inferred
CEN.MS,!,NDC.IL,inferred
CEN.MS,!,NDC.IN,inferred
CEN.MS,!,NDC.KS,inferred
CEN.MS,!,NDC.MA,inferred
CEN.MS,!,NDC.ME,inferred
CEN.MS,!,NDC.MI,inferred
CEN.MS,!,NDC.MN,inferred
CEN.MS,!,NDC.MO,inferred
CEN.MS,!,NDC.MT,inferred
CEN.MS,!,NDC.Midwest,inferred
CEN.MS,!,NDC.ND,inferred
CEN.MS,!,NDC.NE,inferred
CEN.MS,!,NDC.NH,inferred
CEN.MS,!,NDC.NJ,inferred
CEN.MS,!,NDC.NM,inferred
CEN.MS,!,NDC.NV,inferred
CEN.MS,!,NDC.NY,inferred
CEN.MS,!,NDC.Northeast,inferred
CEN.MS,!,NDC.OH,inferred
CEN.MS,!,NDC.OR,inferred
CEN.MS,!,NDC.PA,inferred
CEN.MS,!,NDC.RI,inferred
CEN.MS,!,NDC.SD,inferred
CEN.MS,<,NDC.Southeast,inferred
CEN.MS,!,NDC.Southwest,inferred
CEN.MS,<,NDC.USA,inferred
CEN.MS,!,NDC.UT,inferred
CEN.MS,!,NDC.VT,inferred
CEN.MS,!,NDC.WA,inferred
CEN.MS,!,NDC.WI,inferred
CEN.MS,!,NDC.WY,inferred
CEN.MS,!,NDC.West,inferred
CEN.MT,!,NDC.AL,inferred
CEN.MT,!,NDC.AR,inferred
CEN.MT,!,NDC.CT,inferred
CEN.MT,!,NDC.DE,inferred
CEN.MT,!,NDC.FL,inferred
CEN.MT,!,NDC.GA,inferred
CEN.MT,!,NDC.IA,inferred
CEN.MT,!,NDC.IL,inferred
CEN.MT,!,NDC.IN,inferred
CEN.MT,!,NDC.KS,inferred
CEN.MT,!,NDC.KY,inferred
CEN.MT,!,NDC.LA,inferred
CEN.MT,!,NDC.MA,inferred
CEN.MT,!,NDC.MD,inferred
CEN.MT,!,NDC.ME,inferred
CEN.MT,!,NDC.MI,inferred
CEN.MT,!,NDC.MN,inferred
CEN.MT,!,NDC.MO,inferred
CEN.MT,!,NDC.MS,inferred
CEN.MT,!,NDC.Midwest,inferred
CEN.MT,!,NDC.NC,inferred
CEN.MT,!,NDC.ND,inferred
CEN.MT,!,NDC.NE,inferred
CEN.MT,!,NDC.NH,inferred
CEN.MT,!,NDC.NJ,inferred
CEN.MT,!,NDC.NY,inferred
CEN.MT,!,NDC.Northeast,inferred
CEN.MT,!,NDC.OH,inferred
CEN.MT,!,NDC.OK,inferred
CEN.MT,!,NDC.PA,inferred
CEN.MT,!,NDC.RI,inferred
CEN.MT,!,NDC.SC,inferred
CEN.MT,!,NDC.SD,inferred
CEN.MT,!,NDC.Southeast,inferred
CEN.MT,!,NDC.Southwest,inferred
CEN.MT,!,NDC.TN,inferred
CEN.MT,!,NDC.TX,inferred
CEN.MT,<,NDC.USA,inferred
CEN.MT,!,NDC.VA,inferred
CEN.MT,!,NDC.VT,inferred
CEN.MT,!,NDC.WI,inferred
CEN.MT,!,NDC.WV,inferred
CEN.MT,<,NDC.West,inferred
CEN.Midwest,!,NDC.AL,inferred
CEN.Midwest,!,NDC.AR,inferred
CEN.Midwest,!,NDC.AZ,inferred
CEN.Midwest,!,NDC.CA,inferred
CEN.Midwest,!,NDC.CO,inferred
CEN.Midwest,!,NDC.CT,inferred
CEN.Midwest,!,NDC.DE,inferred
CEN.Midwest,!,NDC.FL,inferred
CEN.Midwest,!,NDC.GA,inferred
CEN.Midwest,!,NDC.ID,inferred
CEN.Midwest,!,NDC.KY,inferred
CEN.Midwest,!,NDC.LA,inferred
CEN.Midwest,!,NDC.MA,inferred
CEN.Midwest,!,NDC.MD,inferred
CEN.Midwest,!,NDC.ME,inferred
CEN.Midwest,!,NDC.MS,inferred
CEN.Midwest,!,NDC.MT,inferred
CEN.Midwest,=,NDC.Midwest,inferred
CEN.Midwest,!,NDC.NC,inferred
CEN.Midwest,!,NDC.NH,inferred
CEN.Midwest,!,NDC.NJ,inferred
CEN.Midwest,!,NDC.NM,inferred
CEN.Midwest,!,NDC.NV,inferred
CEN.Midwest,!,NDC.NY,inferred
CEN.Midwest,!,NDC.Northeast,inferred
CEN.Midwest,!,NDC.OK,inferred
CEN.Midwest,!,NDC.OR,inferred
CEN.Midwest,!,NDC.PA,inferred
CEN.Midwest,!,NDC.RI,inferred
CEN.Midwest,!,NDC.SC,inferred
CEN.Midwest,!,NDC.Southeast,inferred
CEN.Midwest,!,NDC.Southwest,inferred
CEN.Midwest,!,NDC.TN,inferred
CEN.Midwest,!,NDC.TX,inferred
CEN.Midwest,<,NDC.USA,inferred
CEN.Midwest,!,NDC.UT,inferred
CEN.Midwest,!,NDC.VA,inferred
CEN.Midwest,!,NDC.VT,inferred
CEN.Midwest,!,NDC.WA,inferred
CEN.Midwest,!,NDC.WV,inferred
CEN.Midwest,!,NDC.WY,inferred
CEN.Midwest,!,NDC.West,inferred
CEN.NC,!,NDC.AZ,inferred
CEN.NC,!,NDC.CA,inferred
CEN.NC,!,NDC.CO,inferred
CEN.NC,!,NDC.CT,inferred
CEN.NC,!,NDC.IA,inferred
CEN.NC,!,NDC.ID,inferred
CEN.NC,!,NDC.IL,inferred
CEN.NC,!,NDC.IN,inferred
CEN.NC,!,NDC.KS,inferred
CEN.NC,!,NDC.MA,inferred
CEN.NC,!,NDC.ME,inferred
CEN.NC,!,NDC.MI,inferred
CEN.NC,!,NDC.MN,inferred
CEN.NC,!,NDC.MO,inferred
CEN.NC,!,NDC.MT,inferred
CEN.NC,!,NDC.Midwest,inferred
CEN.NC,!,NDC.ND,inferred
CEN.NC,!,NDC.NE,inferred
CEN.NC,!,NDC.NH,inferred
CEN.NC,!,NDC.NJ,inferred
CEN.NC,!,NDC.NM,inferred
CEN.NC,!,NDC.NV,inferred
CEN.NC,!,NDC.NY,inferred
CEN.NC,!,NDC.Northeast,inferred
CEN.NC,!,NDC.OH,inferred
CEN.NC,!,NDC.OR,inferred
CEN.NC,!,NDC.PA,inferred
CEN.NC,!,NDC.RI,inferred
CEN.NC,!,NDC.SD,inferred
CEN.NC,<,NDC.Southeast,inferred
CEN.NC,!,NDC.Southwest,inferred
CEN.NC,<,NDC.USA,inferred
CEN.NC,!,NDC.UT,inferred
CEN.NC,!,NDC.VT,inferred
CEN.NC,!,NDC.WA,inferred
CEN.NC,!,NDC.WI,inferred
CEN.NC,!,NDC.WY,inferred
CEN.NC,!,NDC.West,inferred
CEN.ND,!,NDC.AL,inferred
CEN.ND,!,NDC.AR,inferred
CEN.ND,!,NDC.AZ,inferred
CEN.ND,!,NDC.CA,inferred
CEN.ND,!,NDC.CO,inferred
CEN.ND,!,NDC.CT,inferred
CEN.ND,!,NDC.DE,inferred
CEN.ND,!,NDC.FL,inferred
CEN.ND,!,NDC.GA,inferred
CEN.ND,!,NDC.ID,inferred
CEN.ND,!,NDC.KY,inferred
CEN.ND,!,NDC.LA,inferred
CEN.ND,!,NDC.MA,inferred
CEN.ND,!,NDC.MD,inferred
CEN.ND,!,NDC.ME,inferred
CEN.ND,!,NDC.MS,inferred
CEN.ND,!,NDC.MT,inferred
CEN.ND,<,NDC.Midwest,inferred
CEN.ND,!,NDC.NC,inferred
CEN.ND,!,NDC.NH,inferred
CEN.ND,!,NDC.NJ,inferred
CEN.ND,!,NDC.NM,inferred
CEN.ND,!,NDC.NV,inferred
CEN.ND,!,NDC.NY,inferred
CEN.ND,!,NDC.Northeast,inferred
CEN.ND,!,NDC.OK,inferred
CEN.ND,!,NDC.OR,inferred
CEN.ND,!,NDC.PA,inferred
CEN.ND,!,NDC.RI,inferred
CEN.ND,!,NDC.SC,inferred
CEN.ND,!,NDC.Southeast,inferred
CEN.ND,!,NDC.Southwest,inferred
CEN.ND,!,NDC.TN,inferred
CEN.ND,!,NDC.TX,inferred
CEN.ND,<,NDC.USA,inferred
CEN.ND,!,NDC.UT,inferred
CEN.ND,!,NDC.VA,inferred
CEN.ND,!,NDC.VT,inferred
CEN.ND,!,NDC.WA,inferred
CEN.ND,!,NDC.WV,inferred
CEN.ND,!,NDC.WY,inferred
CEN.ND,!,NDC.West,inferred
CEN.NE,!,NDC.AL,inferred
CEN.NE,!,NDC.AR,inferred
CEN.NE,!,NDC.AZ,inferred
CEN.NE,!,NDC.CA,inferred
CEN.NE,!,NDC.CO,inferred
CEN.NE,!,NDC.CT,inferred
CEN.NE,!,NDC.DE,inferred
CEN.NE,!,NDC.FL,inferred
CEN.NE,!,NDC.GA,inferred
CEN.NE,!,NDC.ID,inferred
CEN.NE,!,NDC.KY,inferred
CEN.NE,!,NDC.LA,inferred
CEN.NE,!,NDC.MA,inferred
CEN.NE,!,NDC.MD,inferred
CEN.NE,!,NDC.ME,inferred
CEN.NE,!,NDC.MS,inferred
CEN.NE,!,NDC.MT,inferred
CEN.NE,<,NDC.Midwest,inferred
CEN.NE,!,NDC.NC,inferred
CEN.NE,!,NDC.NH,inferred
CEN.NE,!,NDC.NJ,inferred
CEN.NE,!,NDC.NM,inferred
CEN.NE,!,NDC.NV,inferred
CEN.NE,!,NDC.NY,inferred
CEN.NE,!,NDC.Northeast,inferred
CEN.NE,!,NDC.OK,inferred
CEN.NE,!,NDC.OR,inferred
CEN.NE,!,NDC.PA,inferred
CEN.NE,!,NDC.RI,inferred
CEN.NE,!,NDC.SC,inferred
CEN.NE,!,NDC.Southeast,inferred
CEN.NE,!,NDC.Southwest,inferred
CEN.NE,!,NDC.TN,inferred
CEN.NE,!,NDC.TX,inferred
CEN.NE,<,NDC.USA,inferred
CEN.NE,!,NDC.UT,inferred
CEN.NE,!,NDC.VA,inferred
CEN.NE,!,NDC.VT,inferred
CEN.NE,!,NDC.WA,inferred
CEN.NE,!,NDC.WV,inferred
CEN.NE,!,NDC.WY,inferred
CEN.NE,!,NDC.West,inferred
CEN.NH,!,NDC.AL,inferred
CEN.NH,!,NDC.AR,inferred
CEN.NH,!,NDC.AZ,inferred
CEN.NH,!,NDC.CA,inferred
CEN.NH,!,NDC.CO,inferred
CEN.NH,!,NDC.FL,inferred
CEN.NH,!,NDC.GA,inferred
CEN.NH,!,NDC.IA,inferred
CEN.NH,!,NDC.ID,inferred
CEN.NH,!,NDC.IL,inferred
CEN.NH,!,NDC.IN,inferred
CEN.NH,!,NDC.KS,inferred
CEN.NH,!,NDC.KY,inferred
CEN.NH,!,NDC.LA,inferred
CEN.NH,!,NDC.MI,inferred
CEN.NH,!,NDC.MN,inferred
CEN.NH,!,NDC.MO,inferred
CEN.NH,!,NDC.MS,inferred
CEN.NH,!,NDC.MT,inferred
CEN.NH,!,NDC.Midwest,inferred
CEN.NH,!,NDC.NC,inferred
CEN.NH,!,NDC.ND,inferred
CEN.NH,!,NDC.NE,inferred
CEN.NH,!,NDC.NM,inferred
CEN.NH,!,NDC.NV,inferred
CEN.NH,<,NDC.Northeast,inferred
CEN.NH,!,NDC.OH,inferred
CEN.NH,!,NDC.OK,inferred
CEN.NH,!,NDC.OR,inferred
CEN.NH,!,NDC.SC,inferred
CEN.NH,!,NDC.SD,inferred
CEN.NH,!,NDC.Southeast,inferred
CEN.NH,!,NDC.Southwest,inferred
CEN.NH,!,NDC.TN,inferred
CEN.NH,!,NDC.TX,inferred
CEN.NH,<,NDC.USA,inferred
CEN.NH,!,NDC.UT,inferred
CEN.NH,!,NDC.VA,inferred
CEN.NH,!,NDC.WA,inferred
CEN.NH,!,NDC.WI,inferred
CEN.NH,!,NDC.WV,inferred
CEN.NH,!,NDC.WY,inferred
CEN.NH,!,NDC.West,inferred
CEN.NJ,!,NDC.AL,inferred
CEN.NJ,!,NDC.AR,inferred
CEN.NJ,!,NDC.AZ,inferred
CEN.NJ,!,NDC.CA,inferred
CEN.NJ,!,NDC.CO,inferred
CEN.NJ,!,NDC.FL,inferred
CEN.NJ,!,NDC.GA,inferred
CEN.NJ,!,NDC.IA,inferred
CEN.NJ,!,NDC.ID,inferred
CEN.NJ,!,NDC.IL,inferred
CEN.NJ,!,NDC.IN,inferred
CEN.NJ,!,NDC.KS,inferred
CEN.NJ,!,NDC.KY,inferred
CEN.NJ,!,NDC.LA,inferred
CEN.NJ,!,NDC.MI,inferred
CEN.NJ,!,NDC.MN,inferred
CEN.NJ,!,NDC.MO,inferred
CEN.NJ,!,NDC.MS,inferred
CEN.NJ,!,NDC.MT,inferred
CEN.NJ,!,NDC.Midwest,inferred
CEN.NJ,!,NDC.NC,inferred
CEN.NJ,!,NDC.ND,inferred
CEN.NJ,!,NDC.NE,inferred
CEN.NJ,!,NDC.NM,inferred
CEN.NJ,!,NDC.NV,inferred
CEN.NJ,<,NDC.Northeast,inferred
CEN.NJ,!,NDC.OH,inferred
CEN.NJ,!,NDC.OK,inferred
CEN.NJ,!,NDC.OR,inferred
CEN.NJ,!,NDC.SC,inferred
CEN.NJ,!,NDC.SD,inferred
CEN.NJ,!,NDC.Southeast,inferred
CEN.NJ,!,NDC.Southwest,inferred
CEN.NJ,!,NDC.TN,inferred
CEN.NJ,!,NDC.TX,inferred
CEN.NJ,<,NDC.USA,inferred
CEN.NJ,!,NDC.UT,inferred
CEN.NJ,!,NDC.VA,inferred
CEN.NJ,!,NDC.WA,inferred
CEN.NJ,!,NDC.WI,inferred
CEN.NJ,!,NDC.WV,inferred
CEN.NJ,!,NDC.WY,inferred
CEN.NJ,!,NDC.West,inferred
CEN.NM,!,NDC.AL,inferred
CEN.NM,!,NDC.AR,inferred
CEN.NM,!,NDC.CT,inferred
CEN.NM,!,NDC.DE,inferred
CEN.NM,!,NDC.FL,inferred
CEN.NM,!,NDC.GA,inferred
CEN.NM,!,NDC.IA,inferred
CEN.NM,!,NDC.IL,inferred
CEN.NM,!,NDC.IN,inferred
CEN.NM,!,NDC.KS,inferred
CEN.NM,!,NDC.KY,inferred
CEN.NM,!,NDC.LA,inferred
CEN.NM,!,NDC.MA,inferred
CEN.NM,!,NDC.MD,inferred
CEN.NM,!,NDC.ME,inferred
CEN.NM,!,NDC.MI,inferred
CEN.NM,!,NDC.MN,inferred
CEN.NM,!,NDC.MO,inferred
CEN.NM,!,NDC.MS,inferred
CEN.NM,!,NDC.Midwest,inferred
CEN.NM,!,NDC.NC,inferred
CEN.NM,!,NDC.ND,inferred
CEN.NM,!,NDC.NE,inferred
CEN.NM,!,NDC.NH,inferred
CEN.NM,!,NDC.NJ,inferred
CEN.NM,!,NDC.NY,inferred
CEN.NM,!,NDC.Northeast,inferred
CEN.NM,!,NDC.OH,inferred
CEN.NM,!,NDC.PA,inferred
CEN.NM,!,NDC.RI,inferred
CEN.NM,!,NDC.SC,inferred
CEN.NM,!,NDC.SD,inferred
CEN.NM,!,NDC.Southeast,inferred
CEN.NM,<,NDC.Southwest,inferred
CEN.NM,!,NDC.TN,inferred
CEN.NM,<,NDC.USA,inferred
CEN.NM,!,NDC.VA,inferred
CEN.NM,!,NDC.VT,inferred
CEN.NM,!,NDC.WI,inferred
CEN.NM,!,NDC.WV,inferred
CEN.NM,!,NDC.West,inferred
CEN.NV,!,NDC.AL,inferred
CEN.NV,!,NDC.AR,inferred
CEN.NV,!,NDC.CT,inferred
CEN.NV,!,NDC.DE,inferred
CEN.NV,!,NDC.FL,inferred
CEN.NV,!,NDC.GA,inferred
CEN.NV,!,NDC.IA,inferred
CEN.NV,!,NDC.IL,inferred
CEN.NV,!,NDC.IN,inferred
CEN.NV,!,NDC.KS,inferred
CEN.NV,!,NDC.KY,inferred
CEN.NV,!,NDC.LA,inferred
CEN.NV,!,NDC.MA,inferred
CEN.NV,!,NDC.MD,inferred
CEN.NV,!,NDC.ME,inferred
CEN.NV,!,NDC.MI,inferred
CEN.NV,!,NDC.MN,inferred
CEN.NV,!,NDC.MO,inferred
CEN.NV,!,NDC.MS,inferred
CEN.NV,!,NDC.Midwest,inferred
CEN.NV,!,NDC.NC,inferred
CEN.NV,!,NDC.ND,inferred
CEN.NV,!,NDC.NE,inferred
CEN.NV,!,NDC.NH,inferred
CEN.NV,!,NDC.NJ,inferred
CEN.NV,!,NDC.NY,inferred
CEN.NV,!,NDC.Northeast,inferred
CEN.NV,!,NDC.OH,inferred
CEN.NV,!,NDC.OK,inferred
CEN.NV,!,NDC.PA,inferred
CEN.NV,!,NDC.RI,inferred
CEN.NV,!,NDC.SC,inferred
CEN.NV,!,NDC.SD,inferred
CEN.NV,!,NDC.Southeast,inferred
CEN.NV,!,NDC.Southwest,inferred
CEN.NV,!,NDC.TN,inferred
CEN.NV,!,NDC.TX,inferred
CEN.NV,<,NDC.USA,inferred
CEN.NV,!,NDC.VA,inferred
CEN.NV,!,NDC.VT,inferred
CEN.NV,!,NDC.WI,inferred
CEN.NV,!,NDC.WV,inferred
CEN.NV,<,NDC.West,inferred
CEN.NY,!,NDC.AL,inferred
CEN.NY,!,NDC.AR,inferred
CEN.NY,!,NDC.AZ,inferred
CEN.NY,!,NDC.CA,inferred
CEN.NY,!,NDC.CO,inferred
CEN.NY,!,NDC.FL,inferred
CEN.NY,!,NDC.GA,inferred
CEN.NY,!,NDC.IA,inferred
CEN.NY,!,NDC.ID,inferred
CEN.NY,!,NDC.IL,inferred
CEN.NY,!,NDC.IN,inferred
CEN.NY,!,NDC.KS,inferred
CEN.NY,!,NDC.KY,inferred
CEN.NY,!,NDC.LA,inferred
CEN.NY,!,NDC.MI,inferred
CEN.NY,!,NDC.MN,inferred
CEN.NY,!,NDC.MO,inferred
CEN.NY,!,NDC.MS,inferred
CEN.NY,!,NDC.MT,inferred
CEN.NY,!,NDC.Midwest,inferred
CEN.NY,!,NDC.NC,inferred
CEN.NY,!,NDC.ND,inferred
CEN.NY,!,NDC.NE,inferred
CEN.NY,!,NDC.NM,inferred
CEN.NY,!,NDC.NV,inferred
CEN.NY,<,NDC.Northeast,inferred
CEN.NY,!,NDC.OH,inferred
CEN.NY,!,NDC.OK,inferred
CEN.NY,!,NDC.OR,inferred
CEN.NY,!,NDC.SC,inferred
CEN.NY,!,NDC.SD,inferred
CEN.NY,!,NDC.Southeast,inferred
CEN.NY,!,NDC.Southwest,inferred
CEN.NY,!,NDC.TN,inferred
CEN.NY,!,NDC.TX,inferred
CEN.NY,<,NDC.USA,inferred
CEN.NY,!,NDC.UT,inferred
CEN.NY,!,NDC.VA,inferred
CEN.NY,!,NDC.WA,inferred
CEN.NY,!,NDC.WI,inferred
CEN.NY,!,NDC.WV,inferred
CEN.NY,!,NDC.WY,inferred
CEN.NY,!,NDC.West,inferred
CEN.Northeast,!,NDC.AL,inferred
CEN.Northeast,!,NDC.AR,inferred
CEN.Northeast,!,NDC.AZ,inferred
CEN.Northeast,!,NDC.CA,inferred
CEN.Northeast,!,NDC.CO,inferred
CEN.Northeast,!,NDC.DE,inferred
CEN.Northeast,!,NDC.FL,inferred
CEN.Northeast,!,NDC.GA,inferred
CEN.Northeast,!,NDC.IA,inferred
CEN.Northeast,!,NDC.ID,inferred
CEN.Northeast,!,NDC.IL,inferred
CEN.Northeast,!,NDC.IN,inferred
CEN.Northeast,!,NDC.KS,inferred
CEN.Northeast,!,NDC.KY,inferred
CEN.Northeast,!,NDC.LA,inferred
CEN.Northeast,!,NDC.MD,inferred
CEN.Northeast,!,NDC.MI,inferred
CEN.Northeast,!,NDC.MN,inferred
CEN.Northeast,!,NDC.MO,inferred
CEN.Northeast,!,NDC.MS,inferred
CEN.Northeast,!,NDC.MT,inferred
CEN.Northeast,!,NDC.Midwest,inferred
CEN.Northeast,!,NDC.NC,inferred
CEN.Northeast,!,NDC.ND,inferred
CEN.Northeast,!,NDC.NE,inferred
CEN.Northeast,!,NDC.NM,inferred
CEN.Northeast,!,NDC.NV,inferred
CEN.Northeast,<,NDC.Northeast,inferred
CEN.Northeast,!,NDC.OH,inferred
CEN.Northeast,!,NDC.OK,inferred
CEN.Northeast,!,NDC.OR,inferred
CEN.Northeast,!,NDC.SC,inferred
CEN.Northeast,!,NDC.SD,inferred
CEN.Northeast,!,NDC.Southeast,inferred
CEN.Northeast,!,NDC.Southwest,inferred
CEN.Northeast,!,NDC.TN,inferred
CEN.Northeast,!,NDC.TX,inferred
CEN.Northeast,<,NDC.USA,inferred
CEN.Northeast,!,NDC.UT,inferred
CEN.Northeast,!,NDC.VA,inferred
CEN.Northeast,!,NDC.WA,inferred
CEN.Northeast,!,NDC.WI,inferred
CEN.Northeast,!,NDC.WV,inferred
CEN.Northeast,!,NDC.WY,inferred
CEN.Northeast,!,NDC.West,inferred
CEN.OH,!,NDC.AL,inferred
CEN.OH,!,NDC.AR,inferred
CEN.OH,!,NDC.AZ,inferred
CEN.OH,!,NDC.CA,inferred
CEN.OH,!,NDC.CO,inferred
CEN.OH,!,NDC.CT,inferred
CEN.OH,!,NDC.DE,inferred
CEN.OH,!,NDC.FL,inferred
CEN.OH,!,NDC.GA,inferred
CEN.OH,!,NDC.ID,inferred
CEN.OH,!,NDC.KY,inferred
CEN.OH,!,NDC.LA,inferred
CEN.OH,!,NDC.MA,inferred
CEN.OH,!,NDC.MD,inferred
CEN.OH,!,NDC.ME,inferred
CEN.OH,!,NDC.MS,inferred
CEN.OH,!,NDC.MT,inferred
CEN.OH,<,NDC.Midwest,inferred
CEN.OH,!,NDC.NC,inferred
CEN.OH,!,NDC.NH,inferred
CEN.OH,!,NDC.NJ,inferred
CEN.OH,!,NDC.NM,inferred
CEN.OH,!,NDC.NV,inferred
CEN.OH,!,NDC.NY,inferred
CEN.OH,!,NDC.Northeast,inferred
CEN.OH,!,NDC.OK,inferred
CEN.OH,!,NDC.OR,inferred
CEN.OH,!,NDC.PA,inferred
CEN.OH,!,NDC.RI,inferred
CEN.OH,!,NDC.SC,inferred
CEN.OH,!,NDC.Southeast,inferred
CEN.OH,!,NDC.Southwest,inferred
CEN.OH,!,NDC.TN,inferred
CEN.OH,!,NDC.TX,inferred
CEN.OH,<,NDC.USA,inferred
CEN.OH,!,NDC.UT,inferred
CEN.OH,!,NDC.VA,inferred
CEN.OH,!,NDC.VT,inferred
CEN.OH,!,NDC.WA,inferred
CEN.OH,!,NDC.WV,inferred
CEN.OH,!,NDC.WY,inferred
CEN.OH,!,NDC.West,inferred
CEN.OK,!,NDC.CA,inferred
CEN.OK,!,NDC.CO,inferred
CEN.OK,!,NDC.CT,inferred
CEN.OK,!,NDC.IA,inferred
CEN.OK,!,NDC.ID,inferred
CEN.OK,!,NDC.IL,inferred
CEN.OK,!,NDC.IN,inferred
CEN.OK,!,NDC.KS,inferred
CEN.OK,!,NDC.MA,inferred
CEN.OK,!,NDC.ME,inferred
CEN.OK,!,NDC.MI,inferred
CEN.OK,!,NDC.MN,inferred
CEN.OK,!,NDC.MO,inferred
CEN.OK,!,NDC.MT,inferred
CEN.OK,!,NDC.Midwest,inferred
CEN.OK,!,NDC.ND,inferred
CEN.OK,!,NDC.NE,inferred
CEN.OK,!,NDC.NH,inferred
CEN.OK,!,NDC.NJ,inferred
CEN.OK,!,NDC.NV,inferred
CEN.OK,!,NDC.NY,inferred
CEN.OK,!,NDC.Northeast,inferred
CEN.OK,!,NDC.OH,inferred
CEN.OK,!,NDC.OR,inferred
CEN.OK,!,NDC.PA,inferred
CEN.OK,!,NDC.RI,inferred
CEN.OK,!,NDC.SD,inferred
CEN.OK,!,NDC.Southeast,inferred
CEN.OK,<,NDC.Southwest,inferred
CEN.OK,<,NDC.USA,inferred
CEN.OK,!,NDC.UT,inferred
CEN.OK,!,NDC.VT,inferred
CEN.OK,!,NDC.WA,inferred
CEN.OK,!,NDC.WI,inferred
CEN.OK,!,NDC.WY,inferred
CEN.OK,!,NDC.West,inferred
CEN.OR,!,NDC.AL,inferred
CEN.OR,!,NDC.AR,inferred
CEN.OR,!,NDC.CT,inferred
CEN.OR,!,NDC.DE,inferred
CEN.OR,!,NDC.FL,inferred
CEN.OR,!,NDC.GA,inferred
CEN.OR,!,NDC.IA,inferred
CEN.OR,!,NDC.IL,inferred
CEN.OR,!,NDC.IN,inferred
CEN.OR,!,NDC.KS,inferred
CEN.OR,!,NDC.KY,inferred
CEN.OR,!,NDC.LA,inferred
CEN.OR,!,NDC.MA,inferred
CEN.OR,!,NDC.MD,inferred
CEN.OR,!,NDC.ME,inferred
CEN.OR,!,NDC.MI,inferred
CEN.OR,!,NDC.MN,inferred
CEN.OR,!,NDC.MO,inferred
CEN.OR,!,NDC.MS,inferred
CEN.OR,!,NDC.Midwest,inferred
CEN.OR,!,NDC.NC,inferred
CEN.OR,!,NDC.ND,inferred
CEN.OR,!,NDC.NE,inferred
CEN.OR,!,NDC.NH,inferred
CEN.OR,!,NDC.NJ,inferred
CEN.OR,!,NDC.NY,inferred
CEN.OR,!,NDC.Northeast,inferred
CEN.OR,!,NDC.OH,inferred
CEN.OR,!,NDC.OK,inferred
CEN.OR,!,NDC.PA,inferred
CEN.OR,!,NDC.RI,inferred
CEN.OR,!,NDC.SC,inferred
CEN.OR,!,NDC.SD,inferred
CEN.OR,!,NDC.Southeast,inferred
CEN.OR,!,NDC.Southwest,inferred
CEN.OR,!,NDC.TN,inferred
CEN.OR,!,NDC.TX,inferred
CEN.OR,<,NDC.USA,inferred
CEN.OR,!,NDC.VA,inferred
CEN.OR,!,NDC.VT,inferred
CEN.OR,!,NDC.WI,inferred
CEN.OR,!,NDC.WV,inferred
CEN.OR,<,NDC.West,inferred
CEN.PA,!,NDC.AL,inferred
CEN.PA,!,NDC.AR,inferred
CEN.PA,!,NDC.AZ,inferred
CEN.PA,!,NDC.CA,inferred
CEN.PA,!,NDC.CO,inferred
CEN.PA,!,NDC.FL,inferred
CEN.PA,!,NDC.GA,inferred
CEN.PA,!,NDC.IA,inferred
CEN.PA,!,NDC.ID,inferred
CEN.PA,!,NDC.IL,inferred
CEN.PA,!,NDC.IN,inferred
CEN.PA,!,NDC.KS,inferred
CEN.PA,!,NDC.KY,inferred
CEN.PA,!,NDC.LA,inferred
CEN.PA,!,NDC.MI,inferred
CEN.PA,!,NDC.MN,inferred
CEN.PA,!,NDC.MO,inferred
CEN.PA,!,NDC.MS,inferred
CEN.PA,!,NDC.MT,inferred
CEN.PA,!,NDC.Midwest,inferred
CEN.PA,!,NDC.NC,inferred
CEN.PA,!,NDC.ND,inferred
CEN.PA,!,NDC.NE,inferred
CEN.PA,!,NDC.NM,inferred
CEN.PA,!,NDC.NV,inferred
CEN.PA,<,NDC.Northeast,inferred
CEN.PA,!,NDC.OH,inferred
CEN.PA,!,NDC.OK,inferred
CEN.PA,!,NDC.OR,inferred
CEN.PA,!,NDC.SC,inferred
CEN.PA,!,NDC.SD,inferred
CEN.PA,!,NDC.Southeast,inferred
CEN.PA,!,NDC.Southwest,inferred
CEN.PA,!,NDC.TN,inferred
CEN.PA,!,NDC.TX,inferred
CEN.PA,<,NDC.USA,inferred
CEN.PA,!,NDC.UT,inferred
CEN.PA,!,NDC.VA,inferred
CEN.PA,!,NDC.WA,inferred
CEN.PA,!,NDC.WI,inferred
CEN.PA,!,NDC.WV,inferred
CEN.PA,!,NDC.WY,inferred
CEN.PA,!,NDC.West,inferred
CEN.RI,!,NDC.AL,inferred
CEN.RI,!,NDC.AR,inferred
CEN.RI,!,NDC.AZ,inferred
CEN.RI,!,NDC.CA,inferred
CEN.RI,!,NDC.CO,inferred
CEN.RI,!,NDC.FL,inferred
CEN.RI,!,NDC.GA,inferred
CEN.RI,!,NDC.IA,inferred
CEN.RI,!,NDC.ID,inferred
CEN.RI,!,NDC.IL,inferred
CEN.RI,!,NDC.IN,inferred
CEN.RI,!,NDC.KS,inferred
CEN.RI,!,NDC.KY,inferred
CEN.RI,!,NDC.LA,inferred
CEN.RI,!,NDC.MI,inferred
CEN.RI,!,NDC.MN,inferred
CEN.RI,!,NDC.MO,inferred
CEN.RI,!,NDC.MS,inferred
CEN.RI,!,NDC.MT,inferred
CEN.RI,!,NDC.Midwest,inferred
CEN.RI,!,NDC.NC,inferred
CEN.RI,!,NDC.ND,inferred
CEN.RI,!,NDC.NE,inferred
CEN.RI,!,NDC.NM,inferred
CEN.RI,!,NDC.NV,inferred
CEN.RI,<,NDC.Northeast,inferred
CEN.RI,!,NDC.OH,inferred
CEN.RI,!,NDC.OK,inferred
CEN.RI,!,NDC.OR,inferred
CEN.RI,!,NDC.SC,inferred
CEN.RI,!,NDC.SD,inferred
CEN.RI,!,NDC.Southeast,inferred
CEN.RI,!,NDC.Southwest,inferred
CEN.RI,!,NDC.TN,inferred
CEN.RI,!,NDC.TX,inferred
CEN.RI,<,NDC.USA,inferred
CEN.RI,!,NDC.UT,inferred
CEN.RI,!,NDC.VA,inferred
CEN.RI,!,NDC.WA,inferred
CEN.RI,!,NDC.WI,inferred
CEN.RI,!,NDC.WV,inferred
CEN.RI,!,NDC.WY,inferred
CEN.RI,!,NDC.West,inferred
CEN.SC,!,NDC.AZ,inferred
CEN.SC,!,NDC.CA,inferred
CEN.SC,!,NDC.CO,inferred
CEN.SC,!,NDC.CT,inferred
CEN.SC,!,NDC.IA,inferred
CEN.SC,!,NDC.ID,inferred
CEN.SC,!,NDC.IL,inferred
CEN.SC,!,NDC.IN,inferred
CEN.SC,!,NDC.KS,inferred
CEN.SC,!,NDC.MA,inferred
CEN.SC,!,NDC.ME,inferred
CEN.SC,!,NDC.MI,inferred
CEN.SC,!,NDC.MN,inferred
CEN.SC,!,NDC.MO,inferred
CEN.SC,!,NDC.MT,inferred
CEN.SC,!,NDC.Midwest,inferred
CEN.SC,!,NDC.ND,inferred
CEN.SC,!,NDC.NE,inferred
CEN.SC,!,NDC.NH,inferred
CEN.SC,!,NDC.NJ,inferred
CEN.SC,!,NDC.NM,inferred
CEN.SC,!,NDC.NV,inferred
CEN.SC,!,NDC.NY,inferred
CEN.SC,!,NDC.Northeast,inferred
CEN.SC,!,NDC.OH,inferred
CEN.SC,!,NDC.OR,inferred
CEN.SC,!,NDC.PA,inferred
CEN.SC,!,NDC.RI,inferred
CEN.SC,!,NDC.SD,inferred
CEN.SC,<,NDC.Southeast,inferred
CEN.SC,!,NDC.Southwest,inferred
CEN.SC,<,NDC.USA,inferred
CEN.SC,!,NDC.UT,inferred
CEN.SC,!,NDC.VT,inferred
CEN.SC,!,NDC.WA,inferred
CEN.SC,!,NDC.WI,inferred
CEN.SC,!,NDC.WY,inferred
CEN.SC,!,NDC.West,inferred
CEN.SD,!,NDC.AL,inferred
CEN.SD,!,NDC.AR,inferred
CEN.SD,!,NDC.AZ,inferred
CEN.SD,!,NDC.CA,inferred
CEN.SD,!,NDC.CO,inferred
CEN.SD,!,NDC.CT,inferred
CEN.SD,!,NDC.DE,inferred
CEN.SD,!,NDC.FL,inferred
CEN.SD,!,NDC.GA,inferred
CEN.SD,!,NDC.ID,inferred
CEN.SD,!,NDC.KY,inferred
CEN.SD,!,NDC.LA,inferred
CEN.SD,!,NDC.MA,inferred
CEN.SD,!,NDC.MD,inferred
CEN.SD,!,NDC.ME,inferred
CEN.SD,!,NDC.MS,inferred
CEN.SD,!,NDC.MT,inferred
CEN.SD,<,NDC.Midwest,inferred
CEN.SD,!,NDC.NC,inferred
CEN.SD,!,NDC.NH,inferred
CEN.SD,!,NDC.NJ,inferred
CEN.SD,!,NDC.NM,inferred
CEN.SD,!,NDC.NV,inferred
CEN.SD,!,NDC.NY,inferred
CEN.SD,!,NDC.Northeast,inferred
CEN.SD,!,NDC.OK,inferred
CEN.SD,!,NDC.OR,inferred
CEN.SD,!,NDC.PA,inferred
CEN.SD,!,NDC.RI,inferred
CEN.SD,!,NDC.SC,inferred
CEN.SD,!,NDC.Southeast,inferred
CEN.SD,!,NDC.Southwest,inferred
CEN.SD,!,NDC.TN,inferred
CEN.SD,!,NDC.TX,inferred
CEN.SD,<,NDC.USA,inferred
CEN.SD,!,NDC.UT,inferred
CEN.SD,!,NDC.VA,inferred
CEN.SD,!,NDC.VT,inferred
CEN.SD,!,NDC.WA,inferred
CEN.SD,!,NDC.WV,inferred
CEN.SD,!,NDC.WY,inferred
CEN.SD,!,NDC.West,inferred
CEN.South,!,NDC.AZ,inferred
CEN.South,!,NDC.CA,inferred
CEN.South,!,NDC.CO,inferred
CEN.South,!,NDC.CT,inferred
CEN.South,!,NDC.IA,inferred
CEN.South,!,NDC.ID,inferred
CEN.South,!,NDC.IL,inferred
CEN.South,!,NDC.IN,inferred
CEN.South,!,NDC.KS,inferred
CEN.South,!,NDC.MA,inferred
CEN.South,!,NDC.ME,inferred
CEN.South,!,NDC.MI,inferred
CEN.South,!,NDC.MN,inferred
CEN.South,!,NDC.MO,inferred
CEN.South,!,NDC.MT,inferred
CEN.South,!,NDC.Midwest,inferred
CEN.South,!,NDC.ND,inferred
CEN.South,!,NDC.NE,inferred
CEN.South,!,NDC.NH,inferred
CEN.South,!,NDC.NJ,inferred
CEN.South,!,NDC.NM,inferred
CEN.South,!,NDC.NV,inferred
CEN.South,!,NDC.NY,inferred
CEN.South,><,NDC.Northeast,inferred
CEN.South,!,NDC.OH,inferred
CEN.South,!,NDC.OR,inferred
CEN.South,!,NDC.PA,inferred
CEN.South,!,NDC.RI,inferred
CEN.South,!,NDC.SD,inferred
CEN.South,>,NDC.Southeast,inferred
CEN.South,><,NDC.Southwest,inferred
CEN.South,><,NDC.USA,inferred
CEN.South,!,NDC.UT,inferred
CEN.South,!,NDC.VT,inferred
CEN.South,!,NDC.WA,inferred
CEN.South,!,NDC.WI,inferred
CEN.South,!,NDC.WY,inferred
CEN.South,!,NDC.West,inferred
CEN.TN,!,NDC.AZ,inferred
CEN.TN,!,NDC.CA,inferred
CEN.TN,!,NDC.CO,inferred
CEN.TN,!,NDC.CT,inferred
CEN.TN,!,NDC.IA,inferred
CEN.TN,!,NDC.ID,inferred
CEN.TN,!,NDC.IL,inferred
CEN.TN,!,NDC.IN,inferred
CEN.TN,!,NDC.KS,inferred
CEN.TN,!,NDC.MA,inferred
CEN.TN,!,NDC.ME,inferred
CEN.TN,!,NDC.MI,inferred
CEN.TN,!,NDC.MN,inferred
CEN.TN,!,NDC.MO,inferred
CEN.TN,!,NDC.MT,inferred
CEN.TN,!,NDC.Midwest,inferred
CEN.TN,!,NDC.ND,inferred
CEN.TN,!,NDC.NE,inferred
CEN.TN,!,NDC.NH,inferred
CEN.TN,!,NDC.NJ,inferred
CEN.TN,!,NDC.NM,inferred
CEN.TN,!,NDC.NV,inferred
CEN.TN,!,NDC.NY,inferred
CEN.TN,!,NDC.Northeast,inferred
CEN.TN,!,NDC.OH,inferred
CEN.TN,!,NDC.OR,inferred
CEN.TN,!,NDC.PA,inferred
CEN.TN,!,NDC.RI,inferred
CEN.TN,!,NDC.SD,inferred
CEN.TN,<,NDC.Southeast,inferred
CEN.TN,!,NDC.Southwest,inferred
CEN.TN,<,NDC.USA,inferred
CEN.TN,!,NDC.UT,inferred
CEN.TN,!,NDC.VT,inferred
CEN.TN,!,NDC.WA,inferred
CEN.TN,!,NDC.WI,inferred
CEN.TN,!,NDC.WY,inferred
CEN.TN,!,NDC.West,inferred
CEN.TX,!,NDC.CA,inferred
CEN.TX,!,NDC.CO,inferred
CEN.TX,!,NDC.CT,inferred
CEN.TX,!,NDC.IA,inferred
CEN.TX,!,NDC.ID,inferred
CEN.TX,!,NDC.IL,inferred
CEN.TX,!,NDC.IN,inferred
CEN.TX,!,NDC.KS,inferred
CEN.TX,!,NDC.MA,inferred
CEN.TX,!,NDC.ME,inferred
CEN.TX,!,NDC.MI,inferred
CEN.TX,!,NDC.MN,inferred
CEN.TX,!,NDC.MO,inferred
CEN.TX,!,NDC.MT,inferred
CEN.TX,!,NDC.Midwest,inferred
CEN.TX,!,NDC.ND,inferred
CEN.TX,!,NDC.NE,inferred
CEN.TX,!,NDC.NH,inferred
CEN.TX,!,NDC.NJ,inferred
CEN.TX,!,NDC.NV,inferred
CEN.TX,!,NDC.NY,inferred
CEN.TX,!,NDC.Northeast,inferred
CEN.TX,!,NDC.OH,inferred
CEN.TX,!,NDC.OR,inferred
CEN.TX,!,NDC.PA,inferred
CEN.TX,!,NDC.RI,inferred
CEN.TX,!,NDC.SD,inferred
CEN.TX,!,NDC.Southeast,inferred
CEN.TX,<,NDC.Southwest,inferred
CEN.TX,<,NDC.USA,inferred
CEN.TX,!,NDC.UT,inferred
CEN.TX,!,NDC.VT,inferred
CEN.TX,!,NDC.WA,inferred
CEN.TX,!,NDC.WI,inferred
CEN.TX,!,NDC.WY,inferred
CEN.TX,!,NDC.West,inferred
CEN.USA,>,NDC.Midwest,inferred
CEN.USA,>,NDC.Northeast,inferred
CEN.USA,>,NDC.Southeast,inferred
CEN.USA,>,NDC.Southwest,inferred
CEN.USA,>,NDC.USA,inferred
CEN.USA,>,NDC.West,inferred
CEN.UT,!,NDC.AL,inferred
CEN.UT,!,NDC.AR,inferred
CEN.UT,!,NDC.CT,inferred
CEN.UT,!,NDC.DE,inferred
CEN.UT,!,NDC.FL,inferred
CEN.UT,!,NDC.GA,inferred
CEN.UT,!,NDC.IA,inferred
CEN.UT,!,NDC.IL,inferred
CEN.UT,!,NDC.IN,inferred
CEN.UT,!,NDC.KS,inferred
CEN.UT,!,NDC.KY,inferred
CEN.UT,!,NDC.LA,inferred
CEN.UT,!,NDC.MA,inferred
CEN.UT,!,NDC.MD,inferred
CEN.UT,!,NDC.ME,inferred
CEN.UT,!,NDC.MI,inferred
CEN.UT,!,NDC.MN,inferred
CEN.UT,!,NDC.MO,inferred
CEN.UT,!,NDC.MS,inferred
CEN.UT,!,NDC.Midwest,inferred
CEN.UT,!,NDC.NC,inferred
CEN.UT,!,NDC.ND,inferred
CEN.UT,!,NDC.NE,inferred
CEN.UT,!,NDC.NH,inferred
CEN.UT,!,NDC.NJ,inferred
CEN.UT,!,NDC.NY,inferred
CEN.UT,!,NDC.Northeast,inferred
CEN.UT,!,NDC.OH,inferred
CEN.UT,!,NDC.OK,inferred
CEN.UT,!,NDC.PA,inferred
CEN.UT,!,NDC.RI,inferred
CEN.UT,!,NDC.SC,inferred
CEN.UT,!,NDC.SD,inferred
CEN.UT,!,NDC.Southeast,inferred
CEN.UT,!,NDC.Southwest,inferred
CEN.UT,!,NDC.TN,inferred
CEN.UT,!,NDC.TX,inferred
CEN.UT,<,NDC.USA,inferred
CEN.UT,!,NDC.VA,inferred
CEN.UT,!,NDC.VT,inferred
CEN.UT,!,NDC.WI,inferred
CEN.UT,!,NDC.WV,inferred
CEN.UT,<,NDC.West,inferred
CEN.VA,!,NDC.AZ,inferred
CEN.VA,!,NDC.CA,inferred
CEN.VA,!,NDC.CO,inferred
CEN.VA,!,NDC.CT,inferred
CEN.VA,!,NDC.IA,inferred
CEN.VA,!,NDC.ID,inferred
CEN.VA,!,NDC.IL,inferred
CEN.VA,!,NDC.IN,inferred
CEN.VA,!,NDC.KS,inferred
CEN.VA,!,NDC.MA,inferred
CEN.VA,!,NDC.ME,inferred
CEN.VA,!,NDC.MI,inferred
CEN.VA,!,NDC.MN,inferred
CEN.VA,!,NDC.MO,inferred
CEN.VA,!,NDC.MT,inferred
CEN.VA,!,NDC.Midwest,inferred
CEN.VA,!,NDC.ND,inferred
CEN.VA,!,NDC.NE,inferred
CEN.VA,!,NDC.NH,inferred
CEN.VA,!,NDC.NJ,inferred
CEN.VA,!,NDC.NM,inferred
CEN.VA,!,NDC.NV,inferred
CEN.VA,!,NDC.NY,inferred
CEN.VA,!,NDC.Northeast,inferred
CEN.VA,!,NDC.OH,inferred
CEN.VA,!,NDC.OR,inferred
CEN.VA,!,NDC.PA,inferred
CEN.VA,!,NDC.RI,inferred
CEN.VA,!,NDC.SD,inferred
CEN.VA,<,NDC.Southeast,inferred
CEN.VA,!,NDC.Southwest,inferred
CEN.VA,<,NDC.USA,inferred
CEN.VA,!,NDC.UT,inferred
CEN.VA,!,NDC.VT,inferred
CEN.VA,!,NDC.WA,inferred
CEN.VA,!,NDC.WI,inferred
CEN.VA,!,NDC.WY,inferred
CEN.VA,!,NDC.West,inferred
CEN.VT,!,NDC.AL,inferred
CEN.VT,!,NDC.AR,inferred
CEN.VT,!,NDC.AZ,inferred
CEN.VT,!,NDC.CA,inferred
CEN.VT,!,NDC.CO,inferred
CEN.VT,!,NDC.FL,inferred
CEN.VT,!,NDC.GA,inferred
CEN.VT,!,NDC.IA,inferred
CEN.VT,!,NDC.ID,inferred
CEN.VT,!,NDC.IL,inferred
CEN.VT,!,NDC.IN,inferred
CEN.VT,!,NDC.KS,inferred
CEN.VT,!,NDC.KY,inferred
CEN.VT,!,NDC.LA,inferred
CEN.VT,!,NDC.MI,inferred
CEN.VT,!,NDC.MN,inferred
CEN.VT,!,NDC.MO,inferred
CEN.VT,!,NDC.MS,inferred
CEN.VT,!,NDC.MT,inferred
CEN.VT,!,NDC.Midwest,inferred
CEN.VT,!,NDC.NC,inferred
CEN.VT,!,NDC.ND,inferred
CEN.VT,!,NDC.NE,inferred
CEN.VT,!,NDC.NM,inferred
CEN.VT,!,NDC.NV,inferred
CEN.VT,<,NDC.Northeast,inferred
CEN.VT,!,NDC.OH,inferred
CEN.VT,!,NDC.OK,inferred
CEN.VT,!,NDC.OR,inferred
CEN.VT,!,NDC.SC,inferred
CEN.VT,!,NDC.SD,inferred
CEN.VT,!,NDC.Southeast,inferred
CEN.VT,!,NDC.Southwest,inferred
CEN.VT,!,NDC.TN,inferred
CEN.VT,!,NDC.TX,inferred
CEN.VT,<,NDC.USA,inferred
CEN.VT,!,NDC.UT,inferred
CEN.VT,!,NDC.VA,inferred
CEN.VT,!,NDC.WA,inferred
CEN.VT,!,NDC.WI,inferred
CEN.VT,!,NDC.WV,inferred
CEN.VT,!,NDC.WY,inferred
CEN.VT,!,NDC.West,inferred
CEN.WA,!,NDC.AL,inferred
CEN.WA,!,NDC.AR,inferred
CEN.WA,!,NDC.CT,inferred
CEN.WA,!,NDC.DE,inferred
CEN.WA,!,NDC.FL,inferred
CEN.WA,!,NDC.GA,inferred
CEN.WA,!,NDC.IA,inferred
CEN.WA,!,NDC.IL,inferred
CEN.WA,!,NDC.IN,inferred
CEN.WA,!,NDC.KS,inferred
CEN.WA,!,NDC.KY,inferred
CEN.WA,!,NDC.LA,inferred
CEN.WA,!,NDC.MA,inferred
CEN.WA,!,NDC.MD,inferred
CEN.WA,!,NDC.ME,inferred
CEN.WA,!,NDC.MI,inferred
CEN.WA,!,NDC.MN,inferred
CEN.WA,!,NDC.MO,inferred
CEN.WA,!,NDC.MS,inferred
CEN.WA,!,NDC.Midwest,inferred
CEN.WA,!,NDC.NC,inferred
CEN.WA,!,NDC.ND,inferred
CEN.WA,!,NDC.NE,inferred
CEN.WA,!,NDC.NH,inferred
CEN.WA,!,NDC.NJ,inferred
CEN.WA,!,NDC.NY,inferred
CEN.WA,!,NDC.Northeast,inferred
CEN.WA,!,NDC.OH,inferred
CEN.WA,!,NDC.OK,inferred
CEN.WA,!,NDC.PA,inferred
CEN.WA,!,NDC.RI,inferred
CEN.WA,!,NDC.SC,inferred
CEN.WA,!,NDC.SD,inferred
CEN.WA,!,NDC.Southeast,inferred
CEN.WA,!,NDC.Southwest,inferred
CEN.WA,!,NDC.TN,inferred
CEN.WA,!,NDC.TX,inferred
CEN.WA,<,NDC.USA,inferred
CEN.WA,!,NDC.VA,inferred
CEN.WA,!,NDC.VT,inferred
CEN.WA,!,NDC.WI,inferred
CEN.WA,!,NDC.WV,inferred
CEN.WA,<,NDC.West,inferred
CEN.WI,!,NDC.AL,inferred
CEN.WI,!,NDC.AR,inferred
CEN.WI,!,NDC.AZ,inferred
CEN.WI,!,NDC.CA,inferred
CEN.WI,!,NDC.CO,inferred
CEN.WI,!,NDC.CT,inferred
CEN.WI,!,NDC.DE,inferred
CEN.WI,!,NDC.FL,inferred
CEN.WI,!,NDC.GA,inferred
CEN.WI,!,NDC.ID,inferred
CEN.WI,!,NDC.KY,inferred
CEN.WI,!,NDC.LA,inferred
CEN.WI,!,NDC.MA,inferred
CEN.WI,!,NDC.MD,inferred
CEN.WI,!,NDC.ME,inferred
CEN.WI,!,NDC.MS,inferred
CEN.WI,!,NDC.MT,inferred
CEN.WI,<,NDC.Midwest,inferred
CEN.WI,!,NDC.NC,inferred
CEN.WI,!,NDC.NH,inferred
CEN.WI,!,NDC.NJ,inferred
CEN.WI,!,NDC.NM,inferred
CEN.WI,!,NDC.NV,inferred
CEN.WI,!,NDC.NY,inferred
CEN.WI,!,NDC.Northeast,inferred
CEN.WI,!,NDC.OK,inferred
CEN.WI,!,NDC.OR,inferred
CEN.WI,!,NDC.PA,inferred
CEN.WI,!,NDC.RI,inferred
CEN.WI,!,NDC.SC,inferred
CEN.WI,!,NDC.Southeast,inferred
CEN.WI,!,NDC.Southwest,inferred
CEN.WI,!,NDC.TN,inferred
CEN.WI,!,NDC.TX,inferred
CEN.WI,<,NDC.USA,inferred
CEN.WI,!,NDC.UT,inferred
CEN.WI,!,NDC.VA,inferred
CEN.WI,!,NDC.VT,inferred
CEN.WI,!,NDC.WA,inferred
CEN.WI,!,NDC.WV,inferred
CEN.WI,!,NDC.WY,inferred
CEN.WI,!,NDC.West,inferred
CEN.WV,!,NDC.AZ,inferred
CEN.WV,!,NDC.CA,inferred
CEN.WV,!,NDC.CO,inferred
CEN.WV,!,NDC.CT,inferred
CEN.WV,!,NDC.IA,inferred
CEN.WV,!,NDC.ID,inferred
CEN.WV,!,NDC.IL,inferred
CEN.WV,!,NDC.IN,inferred
CEN.WV,!,NDC.KS,inferred
CEN.WV,!,NDC.MA,inferred
CEN.WV,!,NDC.ME,inferred
CEN.WV,!,NDC.MI,inferred
CEN.WV,!,NDC.MN,inferred
CEN.WV,!,NDC.MO,inferred
CEN.WV,!,NDC.MT,inferred
CEN.WV,!,NDC.Midwest,inferred
CEN.WV,!,NDC.ND,inferred
CEN.WV,!,NDC.NE,inferred
CEN.WV,!,NDC.NH,inferred
CEN.WV,!,NDC.NJ,inferred
CEN.WV,!,NDC.NM,inferred
CEN.WV,!,NDC.NV,inferred
CEN.WV,!,NDC.NY,inferred
CEN.WV,!,NDC.Northeast,inferred
CEN.WV,!,NDC.OH,inferred
CEN.WV,!,NDC.OR,inferred
CEN.WV,!,NDC.PA,inferred
CEN.WV,!,NDC.RI,inferred
CEN.WV,!,NDC.SD,inferred
CEN.WV,<,NDC.Southeast,inferred
CEN.WV,!,NDC.Southwest,inferred
CEN.WV,<,NDC.USA,inferred
CEN.WV,!,NDC.UT,inferred
CEN.WV,!,NDC.VT,inferred
CEN.WV,!,NDC.WA,inferred
CEN.WV,!,NDC.WI,inferred
CEN.WV,!,NDC.WY,inferred
CEN.WV,!,NDC.West,inferred
CEN.WY,!,NDC.AL,inferred
CEN.WY,!,NDC.AR,inferred
CEN.WY,!,NDC.CT,inferred
CEN.WY,!,NDC.DE,inferred
CEN.WY,!,NDC.FL,inferred
CEN.WY,!,NDC.GA,inferred
CEN.WY,!,NDC.IA,inferred
CEN.WY,!,NDC.IL,inferred
CEN.WY,!,NDC.IN,inferred
CEN.WY,!,NDC.KS,inferred
CEN.WY,!,NDC.KY,inferred
CEN.WY,!,NDC.LA,inferred
CEN.WY,!,NDC.MA,inferred
CEN.WY,!,NDC.MD,inferred
CEN.WY,!,NDC.ME,inferred
CEN.WY,!,NDC.MI,inferred
CEN.WY,!,NDC.MN,inferred
CEN.WY,!,NDC.MO,inferred
CEN.WY,!,NDC.MS,inferred
CEN.WY,!,NDC.Midwest,inferred
CEN.WY,!,NDC.NC,inferred
CEN.WY,!,NDC.ND,inferred
CEN.WY,!,NDC.NE,inferred
CEN.WY,!,NDC.NH,inferred
CEN.WY,!,NDC.NJ,inferred
CEN.WY,!,NDC.NY,inferred
CEN.WY,!,NDC.Northeast,inferred
CEN.WY,!,NDC.OH,inferred
CEN.WY,!,NDC.OK,inferred
CEN.WY,!,NDC.PA,inferred
CEN.WY,!,NDC.RI,inferred
CEN.WY,!,NDC.SC,inferred
CEN.WY,!,NDC.SD,inferred
CEN.WY,!,NDC.Southeast,inferred
CEN.WY,!,NDC.Southwest,inferred
CEN.WY,!,NDC.TN,inferred
CEN.WY,!,NDC.TX,inferred
CEN.WY,<,NDC.USA,inferred
CEN.WY,!,NDC.VA,inferred
CEN.WY,!,NDC.VT,inferred
CEN.WY,!,NDC.WI,inferred
CEN.WY,!,NDC.WV,inferred
CEN.WY,<,NDC.West,inferred
CEN.West,!,NDC.AL,inferred
CEN.West,!,NDC.AR,inferred
CEN.West,!,NDC.CT,inferred
CEN.West,!,NDC.DE,inferred
CEN.West,!,NDC.FL,inferred
CEN.West,!,NDC.GA,inferred
CEN.West,!,NDC.IA,inferred
CEN.West,!,NDC.IL,inferred
CEN.West,!,NDC.IN,inferred
CEN.West,!,NDC.KS,inferred
CEN.West,!,NDC.KY,inferred
CEN.West,!,NDC.LA,inferred
CEN.West,!,NDC.MA,inferred
CEN.West,!,NDC.MD,inferred
CEN.West,!,NDC.ME,inferred
CEN.West,!,NDC.MI,inferred
CEN.West,!,NDC.MN,inferred
CEN.West,!,NDC.MO,inferred
CEN.West,!,NDC.MS,inferred
CEN.West,!,NDC.Midwest,inferred
CEN.West,!,NDC.NC,inferred
CEN.West,!,NDC.ND,inferred
CEN.West,!,NDC.NE,inferred
CEN.West,!,NDC.NH,inferred
CEN.West,!,NDC.NJ,inferred
CEN.West,!,NDC.NY,inferred
CEN.West,!,NDC.Northeast,inferred
CEN.West,!,NDC.OH,inferred
CEN.West,!,NDC.OK,inferred
CEN.West,!,NDC.PA,inferred
CEN.West,!,NDC.RI,inferred
CEN.West,!,NDC.SC,inferred
CEN.West,!,NDC.SD,inferred
CEN.West,!,NDC.Southeast,inferred
CEN.West,><,NDC.Southwest,inferred
CEN.West,!,NDC.TN,inferred
CEN.West,!,NDC.TX,inferred
CEN.West,><,NDC.USA,inferred
CEN.West,!,NDC.VA,inferred
CEN.West,!,NDC.VT,inferred
CEN.West,!,NDC.WI,inferred
CEN.West,!,NDC.WV,inferred
CEN.West,>,NDC.West,inferred
CEN.AL,=,NDC.AL,input
CEN.AR,=,NDC.AR,input
CEN.AZ,=,NDC.AZ,input
CEN.CA,=,NDC.CA,input
CEN.CO,=,NDC.CO,input
CEN.CT,=,NDC.CT,input
CEN.DE,=,NDC.DE,input
CEN.FL,=,NDC.FL,input
CEN.GA,=,NDC.GA,input
CEN.IA,=,NDC.IA,input
CEN.ID,=,NDC.ID,input
CEN.IL,=,NDC.IL,input
CEN.IN,=,NDC.IN,input
CEN.KS,=,NDC.KS,input
CEN.KY,=,NDC.KY,input
CEN.LA,=,NDC.LA,input
CEN.MA,=,NDC.MA,input
CEN.MD,=,NDC.MD,input
CEN.ME,=,NDC.ME,input
CEN.MI,=,NDC.MI,input
CEN.MN,=,NDC.MN,input
CEN.MO,=,NDC.MO,input
CEN.MS,=,NDC.MS,input
CEN.MT,=,NDC.MT,input
CEN.NC,=,NDC.NC,input
CEN.ND,=,NDC.ND,input
CEN.NE,=,NDC.NE,input
CEN.NH,=,NDC.NH,input
CEN.NJ,=,NDC.NJ,input
CEN.NM,=,NDC.NM,input
CEN.NV,=,NDC.NV,input
CEN.NY,=,NDC.NY,input
CEN.OH,=,NDC.OH,input
CEN.OK,=,NDC.OK,input
CEN.OR,=,NDC.OR,input
CEN.PA,=,NDC.PA,input
CEN.RI,=,NDC.RI,input
CEN.SC,=,NDC.SC,input
CEN.SD,=,NDC.SD,input
CEN.TN,=,NDC.TN,input
CEN.TX,=,NDC.TX,input
CEN.UT,=,NDC.UT,input
CEN.VA,=,NDC.VA,input
CEN.VT,=,NDC.VT,input
CEN.WA,=,NDC.WA,input
CEN.WI,=,NDC.WI,input
CEN.WV,=,NDC.WV,input
CEN.WY,=,NDC.WY,input
